:020000023000CC
:1000000000F80020F5A603001DA70300D539030062
:1000100021A7030023A7030025A703000000000079
:1000200000000000000000000000000027A70300FF
:1000300029A70300000000002BA7030015120300EE
:10004000A12203002FA703003D370300C1290300AD
:10005000D12903002FA7030079200300BD37030037
:100060002FA703002FA70300592803002FA7030081
:100070002FA703002FA703002FA703002FA703001C
:100080002FA70300B59D03002FA703002FA7030090
:10009000519E03002FA70300553E03002FA7030026
:1000A0002FA703002FA703006D280300812803005A
:1000B0002FA703002FA7030000000000000000008E
:1000C0002FA703002FA703002FA70300B1220300CF
:1000D000A51B03002FA703002FA7030000000000AB
:1000E0000000000000000000000000000000000010
:1000F0000000000000000000000000000000000000
:1001000000000000000000000000000000000000EF
:1001100000000000000000000000000000000000DF
:1001200000000000000000000000000000000000CF
:1001300000000000000000000000000000000000BF
:1001400000000000000000000000000000000000AF
:10015000000000000000000000000000000000009F
:10016000000000000000000000000000000000008F
:10017000000000000000000000000000000000007F
:10018000000000000000000000000000000000006F
:10019000000000000000000000000000000000005F
:1001A000000000000000000000000000000000004F
:1001B000000000000000000000000000000000003F
:1001C000000000000000000000000000000000002F
:1001D000000000000000000000000000000000001F
:1001E000000000000000000000000000000000000F
:1001F00000000000000000000000000000000000FF
:100200000348044B834202D0034B03B118477047A5
:10021000B8330020B8330020000000000548064B2A
:100220001B1AD90F01EBA301491002D0034B03B1F4
:1002300018477047B8330020B83300200000000092
:1002400010B5064C237843B9FFF7DAFF044B13B11E
:100250000448AFF300800123237010BDB8330020A1
:10026000000000004853040008B5054B1BB10549C8
:100270000548AFF30080BDE80840FFF7CFBF00BFDF
:1002800000000000BC33002048530400A3F5803A6E
:10029000704700BF174B002B08BF134B9D46FFF75D
:1002A000F5FF00218B460F461348144A121A11F02D
:1002B000DFF90E4B002B00D098470D4B002B00D0E0
:1002C00098470020002104000D000D48002802D0AE
:1002D0000C48AFF3008011F06DFA200029000EF0F9
:1002E00063FF0FF0D3FF00BF000008000000000014
:1002F0000000000000F80020B833002010B30020F8
:1003000000000000000000007FB505AB00930C4921
:1003100004AB03AA10F0F6FF03280ED1039B094893
:10032000049A00EA0330084B03EA82131843059B42
:10033000184380B207B05DF804FB0020FAE700BF65
:10034000FC40040000F0FF0FC0FF3F00BFF34F8FE1
:100350000549064BCA6802F4E0621343CB60BFF361
:100360004F8F00BFFDE700BF00ED00E00400FA057D
:10037000052801BF024A136801331360704700BFAC
:100380006436002008B500F083FD024804F072FDD9
:1003900000B208BDBC30002038B5044638B1044D69
:1003A00045F001054FF47A40A847013CFAD138BD29
:1003B0002041040020B1034B800143F001031847A2
:1003C000704700BF2041040008B5054B054A5A603C
:1003D000054B1A68054BC3F80828FFF7B7FF00BFA5
:1003E00000F80020434F494E0030002000F000206C
:1003F00010B5044660B1082303711123038040F255
:100400005913C3800448FFF77FFF6080002010BDB0
:100410006FF00800FBE700BF0641040007B50023AA
:100420000DF105010DF10600ADF806308DF805302F
:1004300000F0A0FE9DF80500012104F06BFC03B064
:100440005DF804FB13B50B4B0B4A186800909B88B2
:100450000A48ADF80430694601F042FB044630B961
:100460000648012101F090FB044801F081FB204681
:1004700002B010BD0E4104007103030028410400C6
:10048000022808B50A460BD8074B084903EBC00001
:1004900002F020F900280CBF00206FF0130008BD07
:1004A0006FF01400FBE700BF30410400283000204B
:1004B00002281FB5034617D80D4A52F8333002EB15
:1004C000C000D3F81025039001230901D2B221FA0C
:1004D00002F20093002102F0AAF9039802F068F9F1
:1004E000002005B05DF804FB6FF01400F9E700BFD1
:1004F00030410400022810B50BD8074C04EBC004AF
:10050000204602F06FF918B1204602F05FF9002092
:1005100010BD6FF01400FBE7304104004FF0FF30D6
:1005200070474FF0FF3070476FF0250070476FF055
:100530001700704708B54FF01023D3F8002201329E
:1005400003D1D3F80432013325D0134B0122C3F871
:100550000425D3F80024002AFBD04FF010224FF0DE
:10056000FF31C2F80012D3F80024002AFBD04FF06C
:1005700010234FF0FF32C3F80422074BD3F80024B6
:10058000002AFBD00022C3F80425D3F80024002A57
:10059000FBD0FFF7DBFE08BD00E0014008B54FF0DF
:1005A0001023D3F80C32DB071DD50F4B0122C3F803
:1005B0000425D3F80024002AFBD04FF01022D2F8F3
:1005C0000C3223F00103C2F80C32074BD3F800249D
:1005D000002AFBD00022C3F80425D3F80024002A07
:1005E000FBD0FFF7B3FE08BD00E001400278034BEB
:1005F00012B901221A7070470222FBE73030002046
:100600000278034B12B901225A7070470222FBE7AD
:10061000303000200228F8B504461FD8104E335C55
:10062000E3B1104D05EBC005284602F07DFA0E4AF5
:100630000E4952F82420002301EB041128463355BB
:1006400002F0CEF90746284602F042FA27B1BDE88B
:10065000F840074810F012BD01233355F8BD00BF24
:10066000683600206C4104006041040034300020F2
:100670004841040002282DE9F041044673D83D4E5C
:10068000335C002B72D1302962D00ED80639122982
:1006900055D80E2953D8DFE801F04F525552555224
:1006A0005552525255525252550078294DD03DD88C
:1006B00050294DD033D832294AD03C2914BF4FF0AD
:1006C00000534FF080532C4F2C4807EB041529465C
:1006D000AB6000232A7300EBC4001A464FEA0418EB
:1006E00001F012FED0BB17F808200123335502F5A4
:1006F000E0724FF0A04340F2033143F822106A78D1
:1007000002F5E07240F20F3143F82210AA7802F5A8
:10071000E0724FF4417143F82210BDE8F081642982
:1007200014BF4FF000534FF00063CCE7C82912D03C
:10073000F02910D09629F3E74FF00043C3E74FF0BC
:100740000053C0E74FF08043BDE74FF00063BAE7C6
:100750004FF08053B7E74FF08063B4E70023335581
:100760006FF00200D9E76FF00B00D6E76FF00C00D6
:10077000D3E700BFFC38002088300020844104000B
:10078000022838B504460BD8084D2B5C5BB10848ED
:1007900000EBC40001F0A2FE00232B55184638BD23
:1007A0006FF00B00FBE76FF00D00F8E7FC3800205E
:1007B000844104002DE9F047044688461AB1012A15
:1007C00037D0022A3ED0022C4DD8284E335D03F09C
:1007D000FF0963BB264800EB04154FF0A0436A688D
:1007E00002F5E07240F20C71270143F82210C25961
:1007F000204F02F5E07207EBC40A43F822101E4AAC
:100800004B4652F824202946504602F0E9F820BB16
:10081000504602F05DF9B8F1000F1BD14FF0CC73D8
:1008200057F83420AB60C2F824350123335500203B
:1008300017E00F4A02EB001103010F20486010215E
:10084000D150C0E70A4A02EB0011030116204860AC
:100850001721F5E74FF0C863E2E706F804906FF060
:100860000200BDE8F0876FF00F00FAE7683600205D
:10087000343000206C410400604104000022FFF786
:1008800099BF0000022837B5044610D80B4D2B5CE9
:1008900083B10B4800EBC400019002F029F90198E4
:1008A00002F042F900232B55184603B030BD6FF01B
:1008B0000F00FAE76FF01000F7E700BF683600207E
:1008C0006C410400F0B587B000AF0D4619463B8E71
:1008D000044603F10800EC46C008ACEBC000022C53
:1008E00003F10106854641D82348005D002840D029
:1008F000684600F8012B1A4610F0E2FF142200218E
:10090000381D10F0B5FE012C7D71BE60C7F810D007
:1009100005D11A4D284602F043F90028FAD1184EA5
:100920001848002333550122391D00EBC40002F0A2
:1009300041F9054600F050FD386000F04DFD3B6880
:10094000C01AB0F57A7F01D2335D63B1335D012BFC
:1009500002D02046FFF75EFE281E18BF012040424D
:100960001C37BD46F0BD0AF019FEE6E76FF00F0038
:10097000F6E76FF01000F3E76836002074410400DA
:10098000303000206C41040070B588B00228054664
:100990008DF807203AD8204A125C002A39D002226A
:1009A0008DF80C2001220492BDF8302005921B4ED8
:1009B0008DF80D100DF10702CDE906230023335405
:1009C0001748122203A900EBC50002F0F3F8044611
:1009D00000F002FD029000F0FFFC029BC01AB0F58F
:1009E0007A7F01D2735D4BB1735D012B09D028462C
:1009F000FFF710FE6FF0010008B070BD0AF0CEFDE9
:100A0000E9E7201E18BF01204042F5E76FF00F0014
:100A1000F2E76FF01000EFE768360020303000207A
:100A20006C410400F0B5022887B005460F46144615
:100A30001E462FD81A4B1B5C7BB31422002101A841
:100A400010F016FE02961748174E049400237355B3
:100A5000012201A900EBC5008DF8057002F0AAF88B
:100A6000044600F0B9FC009000F0B6FC009BC01AF0
:100A7000B0F57A7F02D2735D002BF5D0735D012B48
:100A800002D02846FFF7C6FD201E18BF01204042B5
:100A900007B0F0BD6FF00F00FAE76FF01000F7E756
:100AA000683600206C41040030300020F0B5022888
:100AB00087B005460F4614461E4633D81C4B1B5CB8
:100AC000002B32D01422002101A810F0D1FD012307
:100AD00002961848184E8DF80430002373550222F0
:100AE00001A900EBC50004948DF8057002F062F8CE
:100AF000044600F071FC009000F06EFC009BC01AF0
:100B0000B0F57A7F02D2735D002BF5D0735D012BB7
:100B100002D02846FFF77EFD201E18BF012040426C
:100B200007B0F0BD6FF00F00FAE76FF01000F7E7C5
:100B3000683600206C410400303000202DE9F04F71
:100B400085B000AF0228B7F838B0FA7399465CD880
:100B5000324B1B5C002B5BD0314B5B5C5A1ED2B21C
:100B6000FD2A58D84FF0A04103F5E072DFF8B880B5
:100B70002C4D032441F8224008EB0014012202FA14
:100B800003F34FEA001A002605EBC005BB602846B8
:100B9000C1F80C3507F10F036260C4E90266324602
:100BA000214648F80A3001F0DBFC08BBC4E901B07B
:100BB000E06002462146284648F80A9001F0D0FC41
:100BC000102815D10BF107026B46D2087B60A3EB0E
:100BD000C2039D465A464946684610F071FE3246A9
:100BE0002146284648F80AD001F0BAFC7B689D46A9
:100BF00000384FF0A043BA68C3F8082518BF012099
:100C000040421437BD46BDE8F08F6FF00B00F8E7A7
:100C10006FF00D00F5E74FF0FF30F2E7FC380020F1
:100C2000F030002084410400003900202DE9F74312
:100C300002281F468DF8072042D8264B1B5C002B4C
:100C400041D0254B5D5C6B1EDBB2FD2B3ED84FF0D7
:100C5000A04205F5E073032142F82310DFF88080FD
:100C60001E4E01234FEA001903FA05F5C2F80C5590
:100C700008EB00140DF1070248F8092006EBC00646
:100C80000022C4E9022263602146304601F068FC7C
:100C900058B9BDF8283048F80900C4E901070246F0
:100CA000E3602146304601F05BFC00384FF0A04382
:100CB00018BF0120C3F80855404203B0BDE8F083D7
:100CC0006FF00B00F9E76FF00D00F6E74FF0FF3023
:100CD000F3E700BFFC380020F0300020844104001E
:100CE00000390020BFF34F8F0549064BCA6802F454
:100CF000E0621343CB60BFF34F8F00BFFDE700BF3F
:100D000000ED00E00400FA0504230B7070470000BA
:100D1000024B53F8203003B118477047F03B0020D6
:100D200010B50220FFF7E6FB1A4B00241C601A4B9B
:100D30001C601A4B19781C700229CAB20CD0032A05
:100D400023D0012A25D1164804F066FA144832212E
:100D500004F080FAFFF7C6FF124810F0F5F9012100
:100D60000F4804F029FB0A210D4804F073FA2021F2
:100D70000B4804F006FA0A21094804F06BFA2146F0
:100D80000748BDE8104004F017BB074B074A5A60FC
:100D9000E0E710BD64390020743C00206239002077
:100DA0002C3100209C41040000F80020424F4F5499
:100DB00010B509484378012B01D104F0F1FB074C31
:100DC0000548214604F000FA237823B9BDE8104015
:100DD000014804F052BC10BD2C3100205C390020C9
:100DE00007B5002301A90348019304F0F4FA03B006
:100DF0005DF804FB2C3100200E4B70B50E4D1B68C6
:100E00000E4C2B6023780E4E3BB12B6832689B1A38
:100E1000B42B0ED90220FFF76DFB2B6833602378CB
:100E200008490133DBB223700220BDE87040FFF7B0
:100E30003FBB70BDEC3B00206439002062390020CC
:100E4000743C002040420F0008B50E490E4807F0E0
:100E5000CBFFB0B10D4810F077F90A490A4807F006
:100E60005FFF002802DA032002F08EFD05490648E4
:100E700007F0BAFF002804DABDE80840032002F0BA
:100E800083BD08BDD4410400783C0020B04104007B
:100E900008B5054807F0A6FF002804DABDE80840B9
:100EA000032002F071BD08BD783C002030B5144B22
:100EB0001B5C581EC0B2FD281ED861B9002A14BFA1
:100EC0000322012203F5E0734FF0A040920040F8A6
:100ED0002320002012E00129FBD14FF0A04003F5B0
:100EE000E074032540F82450994012B9C0F80C155D
:100EF000EFE7C0F80815ECE74FF0FF3030BD00BF5A
:100F0000F0300020114B185C431EDBB2FD2B17D8CC
:100F10005AB9C1B100F5E0704FF0A04353F820304A
:100F200003F001030B70002070474FF0A043D3F88B
:100F30001035C34003F0010313700029F3D0E9E733
:100F40004FF0FF3070476FF008007047F03000201E
:100F500038B50F4B1C5C631EDBB2FD2B0D4614D85D
:100F60001AB90C4B03221A7003E0012A0ED0022A90
:100F70000CD0094A0749204600F06CFF01212046A9
:100F800000F0E0FF054B43F8245038BD014BEAE781
:100F9000F0300020B9300020110D0300F03B00209C
:100FA00070B5054686B00E46002900F0A3801022D9
:100FB000002102A810F05CFB514B0093514B0193B0
:100FC000514B1B680493514B1B788DF8143000F083
:100FD000C3FB041E18BF01240020640000F0ECFCD9
:100FE00008B144F00404002000F0D2FB002000F01F
:100FF00057FC00F049FC18B900F08CFC0028F8D030
:10100000FFF720FA08B144F020044FF0E0234FF638
:10101000FF125A613E4AE02182F8231000229A61B1
:1010200007221A6100F0E4FE08B144F01004394BC5
:101030001B680021586810F08FF85CB114F0060F9F
:1010400000D0FEE714F4F87F04D06FF018042046B7
:1010500006B070BD04F038FB04F062FB2E4804F0CB
:101060002AF92E490120FFF70BFA0028EDD12C496F
:101070000120FFF71DFA2B4803F040FFFFF75AFA53
:1010800029490220FFF7FCF904460028DDD101467A
:1010900001221B20FFF70AFF244902221B20FFF731
:1010A00057FFFFF77BFA32682146204604F068FDBF
:1010B00018BB022D02D1684603F04AFC002206212B
:1010C0001046FFF7D7FA04460028BED104F002FD0F
:1010D000FFF7BAFE022D01D009F012F8144A1548A4
:1010E000012109F03DF800224FF42031124809F0A7
:1010F00049F8ACE76FF00804A9E76FF02A04A6E707
:10110000090D03001D04030034390020B83000200D
:1011100000ED00E0403200202C310020B10D030032
:1011200040420F00BC300020210D0300F90D0300E8
:10113000E10D0300D04104003C39002007B50B4A03
:101140000346105C421ED2B2FD2A0CD8084A019018
:10115000002142F8231000F05BFF019803B05DF816
:1011600004EB00F033BF03B05DF804FBF030002067
:10117000F03B00200A4608B50146044804F0E4F9B3
:10118000003818BF0120404208BD00BF2C310020AC
:1011900010B560B909490A4C0A88238892B29BB2FB
:1011A0009A4203D220880B88C01A80B210BD022850
:1011B00002D1044B1868F8E70020F7E7D449002073
:1011C000D64A0020B8420020022803BF024B1878FC
:1011D000C0B20020704700BF3839002003460846DF
:1011E00011460BB904F038BD022B01D103F050BDFC
:1011F000704708B50346084611461BB9BDE80840CC
:1012000004F0FEBC022B03D103F068FD80B208BDE0
:101210000020FCE7024A136801331360704700BFE7
:10122000EC3B002037B51346421E012A0D460ED86E
:10123000002405E00121019304F00EFD019B01341F
:101240009C4205EB0400F5DB184603B030BDC41E1C
:10125000042CF9D80A460549542000FB041104481F
:1012600003B0BDE8304007F027BF00BF7039002051
:10127000783C002070B504461346084674B90E4DFC
:101280000E492C880A88A4B292B2A41A9C42F8DBB8
:1012900099B204F0B5FC0346184670BD033C042C1B
:1012A000FAD80A460649542000FB0411BDE87040F4
:1012B000044807F0CDBE00BFD64A0020D449002024
:1012C00070390020783C00207FB50D461A49039004
:1012D00010F098FA039A30B9002D0CBF09240824A5
:1012E000204604B070BD154E3368052B02DD4FF06B
:1012F000FF34F5E712490023C85CA0B90120C854A7
:10130000DC1C104BE11E542000FB01310E4B0093FE
:1013100075B901230D4807F069FE0028E7DB336843
:1013200001333360DCE70133052BE5D10024E8E726
:1013300040F20313EEE700BFC7410400E83B002082
:10134000683900207039002020420400783C0020D9
:101350000B4B10B55421C41E01FB0431094807F0A2
:101360005FFE0028A1BF084B084A00201855A3BF04
:10137000136803F1FF3313604FF0FF3010BD00BF5F
:1013800070390020783C002068390020E83B0020BC
:101390004FF0FF3070474FF0FF3070474FF0FF3095
:1013A000704770474FF0FF3070470000B1FA81F18D
:1013B00049094A42012808B5D2B202D0022800D019
:1013C00028B90146034803F019FD00B208BD6FF0CB
:1013D0000700FBE7BC300020014B1868704700BFD6
:1013E000EC3B00204FF0E02370B59869D3F8042D52
:1013F000144D154E03F55063510158BF5B6A2968BF
:1014000054BFC3F3C02301234FF0E024726852019C
:1014100056BF726A0122C2F3C022934210D12A68D9
:101420009142F3D1A2698242F0D86269121A0B4448
:10143000C2F38B124FF47A7000FB0320002170BDC1
:101440001346E3E7EC3B002000ED00E007B5802306
:101450008DF80430B1F5487F4FF000038DF8063069
:1014600010D96423A1F54871B1FBF3F1CBB29B0015
:101470008DF805300199064803F0FAFE00B203B07A
:101480005DF804FB0029F2D18DF804100B46EEE75D
:101490002C310020704713B5002304460DF10700DE
:1014A0008DF8073002F036FA04B1A0479DF8070026
:1014B00002F054FA02B010BD4FF0704393F8E02FE1
:1014C000062A10D1D3F8E42F12070CD1D3F8E80F75
:1014D00000F0F003302B08D000F0E000A0F1400352
:1014E00058425841704700207047012070474FF024
:1014F000704393F8E02F062A0CD1D3F8E42F12079B
:1015000008D1D3F8E80F00F0F000A0F13003584202
:10151000584170470020704708B5FFF7CDFF40B134
:101520004FF080536C4AD3F82433C3F30423C2F83A
:101530004035FFF7DCFF10B1684B694A5A67FFF787
:10154000BBFF48B14FF080534FF08042D3F8443294
:10155000C3F34233C2F83C35FFF7C9FF30B1614AEB
:10156000D2F8FC3023F08073C2F8FC30FFF7A4FF00
:1015700040B14FF080430022C3F80C21C3F8102182
:10158000C3F83825FFF7B3FF20B14FF080430322A3
:10159000C3F8A025FFF7ABFF60B1534B0522C3F89A
:1015A00010260122C3F888260022C3F818263F22FD
:1015B000C3F814264FF0704393F8E02F062A50D159
:1015C000D3F8E42F11074CD1D3F8E83F03F0F00330
:1015D000502B46D14FF08052444BD2F80414C3F83C
:1015E0002015D2F80814C3F82415D2F80C14C3F847
:1015F0002815D2F81014C3F82C15D2F81414C3F817
:101600003015D2F81814C3F83415D2F81C14C3F8E6
:101610004015D2F82014C3F84415D2F82414C3F8A6
:101620004815D2F82814C3F84C15D2F82C14C3F876
:101630005015D2F83014C3F85415D2F83414C3F846
:101640006015D2F83814C3F86415D2F83C14C3F806
:101650006815D2F84014C3F86C15D2F84424C3F8C6
:101660007025FFF729FF48B14FF080534FF08042BB
:10167000D3F8583203F04F03C2F8E43EFFF71CFFE3
:1016800048B14FF08043D3F80024D20744BF6FF035
:101690000102C3F800244FF08053D3F83021062A0A
:1016A0000AD1D3F83431062B01BF114AD2F83C37A6
:1016B00043F48063C2F83C370A4AD2F8883043F4D6
:1016C0007003C2F88830BFF34F8FBFF36F8F094BA1
:1016D000094A1A6008BD00BF0030014000C0074041
:1016E0000DF0ADBA00ED00E00050004000C0004039
:1016F00000100040443100200090D00342DF7047CA
:1017000044DF704738B5074C051E04F1080318BFC5
:101710001C4623682BB11A6822605B6828469847EC
:10172000F7E738BD9040002020B9054B01225A70E0
:10173000FFF7E8BF012802D1014A9070F8E770472F
:101740008840002020B9034B01225A70FFF7DABF0E
:10175000704700BF8840002038B50B4C237883B910
:101760000A486360A3602361E36000F075FA0546F0
:1017700002F056FB08B900F07BFA012323702846DB
:1017800038BD8525FBE700BF8840002029170300EE
:1017900037B5184CA378054603F0FF029BB110B192
:1017A00043680120984700230DF107008DF80730AA
:1017B00002F0B0F8E3689DF807000133E36002F03F
:1017C000CDF803B030BD0DF107008DF8072002F011
:1017D000A1F825B1226913463BB92A602561E36867
:1017E000002BE7D100F05CFAE4E79D42F7D01B68DC
:1017F000F2E700BF8840002037B50B4C00230DF105
:1018000007008DF8073002F085F8E368013BE360DC
:10181000E56815B900F06CFAA5709DF8070002F0B4
:101820009DF803B030BD00BF88400020012813B5EB
:1018300008D003281CD018B9114B0122C3F880200E
:1018400002B010BD0F4C00230DF107008DF80730DA
:1018500002F060F823780BB9FFF77EFFE3689DF88C
:1018600007000133E3600123A37002F077F8E7E794
:1018700000F0FEF902B0BDE81040FFF7BDBF00BFA9
:1018800000E100E08840002008B502F0C9FA28B95C
:101890004FF08043D3F81804C0F3004008BD0000A7
:1018A00037B51B4C6378054603F0FF029BB110B1BE
:1018B00043680020984700230DF107008DF807309A
:1018C00002F028F863689DF807000133636002F0B6
:1018D00045F803B030BD0DF107008DF8072002F088
:1018E00019F825B1A268134653B92A60A560636848
:1018F000002BE7D102F094FA30B1FFF7FFFEE1E7E9
:101900009D42F4D01B68EFE700F0FBF9DAE700BF77
:101910008840002007B502F083FA48B101A8FFF71C
:10192000EFFE0198003818BF012003B05DF804FBFA
:101930004FF08043D3F80C0400F00110A0F1011324
:1019400058425841F1E736DF7047012810B504D1FD
:1019500000F04EFCBDE81040004710BD012813B553
:10196000044603D0032813D002B010BD00230DF1AC
:1019700007008DF8073001F0CDFF00F039FC10B101
:101980002046FFF7E0FF9DF8070001F0E7FFEBE7D7
:10199000084BC02283F800230122C3F880211A607B
:1019A00000F026FC0028DFD04FF080430422C3F86B
:1019B0000423D9E700E100E038B50A4D2B7804464E
:1019C00063B902F02DFA58B90748002C18BF204619
:1019D00000F014FC08B901232B7038BD8520FCE70A
:1019E0000820FAE79C4000202C4204001FB5037831
:1019F0008DF8003043680193037A8DF80830C3688E
:101A0000054A0393054B684653F8213052F82110DC
:101A1000984705B05DF804FBA0400020A4400020DA
:101A20001FB503788DF800304368019383688DF803
:101A30000830C368054A0393054B684653F82130C4
:101A400052F82110984705B05DF804FBA040002033
:101A5000A4400020F0B5194B90F800C091F81DE0AB
:101A600043F82C20164B16460A6943F82C20154BD8
:101A700003F80CE00C4607460FCC89B06D460FC545
:101A800094E80F0085E80F00CDF810C0BEF1000FFC
:101A900009D0002E0C4A694608BF3246381D01F0B5
:101AA00051FA09B0F0BD002E084A694608BF324617
:101AB00007F10C0001F0B8FCF3E700BFA4400020E0
:101AC000A0400020A8400020ED190300211A0300C7
:101AD0000023435082B043580193019B02B07047EA
:101AE000F0B5204B4579204F43F8252005EB450301
:101AF0006E00FB5CA3BB90F9043002798C78002B5C
:101B0000A8BF03F1604C4FEA5313BCBF02F00F0EA5
:101B1000DFF858C04FEA4414A8BF0CF5614C4FEAF7
:101B20008303E4B203F16043B4BF0CF80E408CF8B9
:101B3000004303F56143012402F01F0204FA02F29C
:101B4000C3F880211A6003680A88C3F808252E4468
:101B5000BB190A795A70BC55CA789A700020F0BD3A
:101B60000820FCE7AC400020A940002014ED00E074
:101B7000036801221A604379024A03EB43030221FE
:101B8000D1547047A940002008B500680A464FF4B8
:101B90008271FFF79DFF0223C0F844330AB1C0F8F9
:101BA000043308BD2DE9F041234E244FDFF8908027
:101BB00000254FF48034D7F80433A6F58041234242
:101BC00089B20CD0336853B1C7F848433846C7F8D8
:101BD0000843FFF77DFFD8F80030E8B29847013599
:101BE000042D4FEA440406F10406E4D1134CD4F862
:101BF0000433DA070BD5D4F8003143B120464FF453
:101C00008071FFF765FF0E4B28461B689847D4F894
:101C100004339B070DD5D4F8043153B107484FF472
:101C20008271FFF755FF064BBDE8F0411B680520A8
:101C30001847BDE8F08100BF40410240004002402B
:101C4000AC40002000F18040002382B003600368B4
:101C50000193019B02B07047044A137923B9012113
:101C6000106091801846704785207047B040002072
:101C7000094B1A68D20706D4C02283F80023012238
:101C8000C3F880211A604FF080420123C2F8183552
:101C9000024A1370704700BF00E100E0B840002026
:101CA00038B54FF48270FFF7CDFF4FF0804302222A
:101CB000C3F804230C4AD2F8FC0040F08073C2F849
:101CC000FC300A4B1C6844F0010119605D685968DA
:101CD000491BB1F50A5FFAD31C604FF08043C2F88C
:101CE000FC0001229A6038BD00ED00E0001000E029
:101CF0004FF080430122DA60D3F81824D203FBD4DA
:101D0000704708B54FF48070FFF79CFF4FF0804399
:101D10000122C3F804231A6008BD00004FF080417F
:101D200010B5D1F8003163B14FF48070FFF78AFF2E
:101D30000D4B58790122C1F8082310B95A711B685C
:101D400098474FF08042D2F8043163B14FF482706B
:101D5000FFF778FF0223C2F80833034BBDE81040B9
:101D60001B680120184710BDB040002000F18040E2
:101D700000F5C040002382B0036003680193019B1B
:101D800002B07047800000F1A040D0F8003723F483
:101D90004033C0F80037D0F8003743EA0141C0F8BB
:101DA00000177047C208012300F007008340885CD9
:101DB00003438B5470470000054B4FF0FF32072858
:101DC00043F8202084BF1B1883F84820704700BFC9
:101DD000BC400020C10810B5044C00F00700635C53
:101DE0000122824023EA0203635410BD1041002007
:101DF00038B5154D95F858401CBB2022FF2105F140
:101E000030000FF035FCE0B20134FFF7D5FF0C2CA9
:101E1000F9D10E4B0022C0216A6583F806134021D8
:101E2000C3F880114FF4BE701960FFF79FFF084B95
:101E30004FF00041C3F80413012385F858301046D1
:101E400038BD0820FCE700BFBC40002000E100E0F6
:101E5000006000402DE9F041DFF8E48008EB00036A
:101E6000054693F93030002B0F4664DA8B78C3F3C4
:101E70004003002B0BBF082400240C2108218C42B6
:101E800002D10420BDE8F08158F8240001303DD192
:101E900008EB050166B248F8242081F830601BB9D0
:101EA00008EB040383F84850BB785A070ED4D907CF
:101EB0002ED5AB0003F1A043D3F8002722F0020295
:101EC000C3F800271D492846FFF76CFFBB783A7816
:101ED00013F0020325D0A40004F1804404F5C044AB
:101EE0002D02D4F8103523F4473323F44073C4F89B
:101EF00010351204D4F8103505F4F85502F44032C8
:101F000015431D43C4F810550020BBE70134B6E764
:101F10007A7805F5E0734FF0A041920041F8232054
:101F2000D0E7083E48FA86F696F8501041EA821249
:101F300086F85020E8E70820A4E700BF1041002001
:101F4000BC40002010B51F4C231893F93020072AFD
:101F500018DD083A44FA82F292F850309B09032BBC
:101F60000BD14FF0A043D3F81015C14001F001018F
:101F70000231BDE81040FFF705BF012B0CBF022165
:101F80000321F6E7D3B2072B1AD8930003F180435D
:101F900003F5C043D3F8100540F00100C3F8100565
:101FA00002F1400040B2800080B2FFF7DFFE39B19D
:101FB00054F8223023B101239340034AC2F804337A
:101FC00010BD00BFBC400020006000400E4B034429
:101FD00093F93020072A02DD0021FFF7D3BED3B2E8
:101FE000072B0FD8930003F1804303F5C043D3F8C8
:101FF000101521F00101C3F8101501239340034A85
:10200000C2F80833704700BFBC40002000600040A9
:1020100038B5174D0446FFF7D9FF2A1992F9303029
:1020200092F83020072A9FBF124A03F5A2730021BD
:1020300042F8231005EBD40304F0070193F8542071
:1020400001238B401A4209D004F5E0734FF0A042FF
:10205000022142F823102046FFF7BCFE254495F8E4
:102060003000FFF7A9FEFF2385F8303038BD00BFF0
:10207000BC400020006000402DE9F04F87B00024F4
:10208000584D03944FF48072012102F1804303F50F
:10209000C04390B21B68012B06D1D5F804330B4224
:1020A00002D0FFF763FE0C430432B2F5907F4FEA93
:1020B0004101EAD14B4BD3F87C31012B0AD14FF4CB
:1020C000BE70FFF753FE4FF0A04344F00044D3F836
:1020D00010350393E3B2D3B1434F012600253442B8
:1020E00010D0AB0003F1804303F5C043D3F81005D3
:1020F000D3F8101557F8253023B1C1F30141C0F3CF
:10210000042098470135082D4FEA4606E7D1002CF8
:1021100061DA0023DFF8D08004934FF0FF3300260C
:10212000DFF8C890059337464FF0A04B19F9014FDF
:10213000631C45D0C4F3C20318336B440122E5B2DB
:1021400004F03F0004F0070402FA04F413F8042C2E
:10215000224235D008EB0002AD0992F9302058F840
:1021600022A0BAF1000F09D1032D29D104A90193AE
:102170000090FFF717FEDDE9000301E0032DF5D025
:1021800000F5E07113F80C3C5BF821102342C1F319
:10219000014105D0022913D1032D0CD1294604E0B9
:1021A00003290DD1032D06D1022100900136FFF73E
:1021B000E9FD0098F6B2BAF1000F01D02946D047E8
:1021C0000137042FB2D136B14FF0A043039AD3F8B0
:1021D0001035934202D107B0BDE8F08F0393049B02
:1021E0009DE700BF00600040BC4000200B41002084
:1021F000014B1868704700BF184100200D4A137842
:10220000ABB903784FF0804103F00103C1F8783592
:10221000094B1968C90706D4C02183F800130121AE
:10222000C3F88011196001231370002070478520C6
:10223000704700BF2041002000E100E04FF08043E4
:1022400010B5D3F80443610708D5D3F808212AB1A3
:102250000022C3F80821104B1B689847A2060AD534
:102260004FF08043D3F814212AB10020C3F81401A1
:102270000A4B1B68984763060DD54FF08043D3F88F
:10228000182142B10022C3F81821044BBDE81040C8
:102290001B680120184710BD184100201C41002078
:1022A00008B5FFF7CBFFBDE80840FFF737BD0000DA
:1022B000124BD3F8182182B0EAB10022C3F81821DA
:1022C000D3F818310193019B0D4BD97FFF2907D01B
:1022D000987F01228A404FF0A04148B1C1F80C25F7
:1022E00000225A771A72D3E90021064802B010473B
:1022F000C1F80825F4E702B0704700BF0030024083
:10230000244100202C4100202DE9F74F90F8049043
:102310006F4E01934FF0240A0AFB09FA06EB0A0BF1
:1023200090469BF81C2007460C46002A40F0CC80C3
:1023300005686849284601F007FA002840F0C68081
:1023400046F80A80019BCBF8043094F800C0227B49
:102350004FF0A041012303FA0CF3012A94BFC1F806
:102360000C35C1F808350CF5E0734FF0010E41F85B
:1023700023E06378FF2B1FBF0EFA03FEC1F80CE5C4
:1023800003F5E07E4FF0030A18BF41F82EA0A178B4
:1023900008BF4FF0FF33FF2917BF01F5E07E4FF074
:1023A000FF364FF0A04A4FF0040B08BF0196484E8D
:1023B0001CBF01914AF82EB04FF0240E0EFB096E9F
:1023C0008EF82010E1788EF81F10FF2919D094F8AC
:1023D00004A04FF0010B0BFA01FB4FF0A04EBAF135
:1023E000000F68D0CEF80CB501F5E0714FF0030B8B
:1023F0004EF821B036494FF0240E0EFB091181F83A
:102400001EA0C5F808C5C5F80C35019BC5F81035E8
:10241000A368C5F82435637B003B18BF0123022A5B
:102420004CD0032A4DD0012A01D143F00203C5F854
:102430005435A379C5F8C035B8F1000F02D0402358
:10244000C5F804330723C5F80035B8F1000F27D0CD
:102450003A68617942F30733002BA8BF03F1604467
:10246000C2F307324FEA5313BCBF02F00F051A4CF8
:102470004FEA4111A8BF04F561444FEA8303C9B292
:1024800003F16043B4BF615584F8001303F5614361
:1024900002F01F02012101FA02F2C3F880211A6042
:1024A0000B4A242303FB0926002373770123337788
:1024B00003B0BDE8F08FCEF808B595E743F004030C
:1024C000B5E743F00603B2E70820F1E71120EFE794
:1024D00024410020B122030014ED00E0F8B5057995
:1024E0001C4C006824236B43E618E358D3B140F337
:1024F00007335B092033184FC0F30432012101FA7E
:1025000002F247F82320154BC0F80833737F4BB114
:102510004161D0F80431002BFBD0242303FB054399
:1025200000225A77242303FB0543002693F820302A
:10253000FF2B1FBF03F5E0734FF0A042022142F8CA
:102540002310C0F8006501F021F9242303FB0544A2
:102550002677F8BD2441002000E100E05201080088
:102560002DE9F74390F804C0454E242303FB0CF3F8
:102570001446F2180D46517F864600297ED156F842
:102580000380B8F1000F04D014F0140F04BF01232E
:10259000537795E80F00242707FB0C6707F10C0918
:1025A00089E80F00FA7FFF2A07D0B87F0123934004
:1025B0004FF0A041D0B1C1F808352868DEF80030EE
:1025C00020B100F06041B1F1005F06D1A96881B18E
:1025D00001F06047B7F1005F0BD0242303FB0C63CD
:1025E00000225A77102003B0BDE8F083C1F80C3503
:1025F000E3E76F68C3F84405C3F84875E868C3F8B3
:1026000034150021C3F83805C3F81811D3F8181190
:102610000191019914F0010118BF0121C3F850156F
:1026200014F0020118BF0121C3F8401521075CBF57
:1026300001211961B8F1000F15D1D3F81811002943
:10264000FBD0FF2A0AD001239340242202FB0C6610
:102650004FF0A042B07F18B1C2F80C350020C2E79D
:10266000C2F80835BFE714F004004FF0400202D072
:10267000C3F80823F2E7C3F80423B4E71120B2E754
:10268000244100202DE9F347002406460F469046DA
:1026900000F5A0754FF48039A246A00000F5A073A4
:1026A00098B22B686BB1D6F8043309FA04F21A42D7
:1026B00007D0C5F800A02B680193019BD7E9003132
:1026C00098470134E3B2984505F10405E5D802B016
:1026D000BDE8F087F7B50679334D0C2474432F1904
:1026E0003B7A002B5ED12A514A687A6044790268AD
:1026F0001F46D8B284424CD842F30733CC78002B23
:10270000A8BF03F16047C2F307304FEA5313BCBFC1
:1027100000F00F0C254F4FEA4414A8BF07F561479E
:102720004FEA8303E4B203F16043B4BF07F80C40FF
:1027300087F8004303F56143012400F01F0004FA09
:1027400000F0C3F880011860D2F804054B7820F03F
:10275000030003F003030343C2F804358B78D2F877
:10276000080503F0030320F003000343C2F8083513
:102770000B78D2F8100503F00F0320F00F010B4384
:10278000C2F810350C2303FB065500202C7203B051
:10279000F0BD980000F5A07001331750105801905B
:1027A0000198A6E70820F2E74841002014ED00E078
:1027B000036801221A600279034B0C2101FB0233EA
:1027C00002221A72704700BF4841002003680122AC
:1027D0001A610179024B0C2000FB01331A72704719
:1027E000484100200279044B0C2101FB0233187A86
:1027F000831E5842584170474841002037B54FF476
:10280000803400688C407BB101F150039B000025AF
:10281000C550C3580193019BC0F8044301F5A8714A
:1028200040F8212003B030BDC0F80843F6E770B48B
:10283000046840F20116D4F800528E4025EA0605DD
:10284000C4F80052D4F800522B43C4F800329DF86B
:102850000C3070BCFFF7D2BF024903480422FFF7D7
:1028600011BF00BF4841002000A0004002490348BA
:102870000622FFF707BF00BF5441002000A001401F
:10288000024903480622FFF7FDBE00BF6041002059
:1028900000B001400023435082B043580193019B94
:1028A00002B07047F0B5D0F8243187B004460D4629
:1028B0009BB14FF49271FFF7EDFFD0F8043163B98B
:1028C000AB68C0F808330223AB60AB68C0F80433D0
:1028D00001230362436107B0F0BDD4F8043193B320
:1028E0004FF48271204605F10C07FFF7D3FF0FCF9D
:1028F00001AE0FC695F82E203B68336072B12B7B7A
:10290000012B0CBFD4F83C15D4F84C150291022BC6
:102910000CBFD4F83C35D4F84C3503934FF4B07168
:102920002046FFF7B7FF4FF4AE71FFF7B3FF95F8FE
:10293000303003B1CAB10023C4F80032AB601F4B82
:10294000C4F8083311E04FF4A4712046FFF7A2FF4A
:102950002B7B03BB05F10C070FCF01AE0FC63B6805
:10296000336095F83030002BE6D0D4F8C434C4F886
:10297000C4349A075ABFC3F380035B0001238DF868
:10298000003095F830300BB985F82F30D5E900319B
:10299000684698479FE74FF40073C4F8003240F24E
:1029A0000223AB6003F1CE73C4F80833AB68C4F8FC
:1029B00004330123A36023628DE700BF02029C0160
:1029C00001490248FFF76EBF6C4100200030004013
:1029D00002494FF04020FFF765BF00BFA041002033
:1029E0002DE9F84F0679374D4FF0340A0AFB06FA05
:1029F00005EB0A049B4694F82D3080460F4691461D
:102A0000002B5BD1304B006853F8261000F09CFE81
:102A1000002855D13A687B7B84F832304FF0A041D2
:102A200002F5E073A060C4F804B084F82F0084F8C5
:102A3000300040F20C6445F80A9041F823407B686E
:102A400003F5E07C41F82C40D8F80040C4F8082594
:102A5000C4F80C35BB68C4F82435B9F1000F25D093
:102A600044F30733002B3A7BB4BF184903F16041AC
:102A7000C4F307344FEA5313B8BF04F00F074FEA0B
:102A80004212A8BF01F561414FEA8303D2B203F1BC
:102A90006043B4BFCA5581F8002303F5614304F0D5
:102AA0001F040122A240C3F880211A60342303FBD3
:102AB0000655012385F82D30BDE8F88F0820FBE787
:102AC0001120F9E76C4100203042040014ED00E0D1
:102AD000036802790621C3F80015044B342101FB79
:102AE0000233022283F82D20704700BF6C41002082
:102AF00001790B4B0268342000FB013309490020A7
:102B00009860C2F80813D2F8001221F4BC51C2F840
:102B10000012C2F80005012283F82D20704700BF83
:102B20006C41002002029C0170B506791A4D3423D5
:102B300073430446EB5863B1026842F30733012143
:102B40005B09C2F3043201FA02F22033134941F85F
:102B500023202046FFF7CCFF206800F017FE342327
:102B600003FB065393F832307BB92068D0F8083560
:102B70004FF0A04203F5E073022142F82310D0F891
:102B80000C3503F5E07342F82310342303FB06559C
:102B9000002385F82D3070BD6C41002000E100E07D
:102BA0000279034B342101FB023393F82F00704765
:102BB0006C4100202DE9F843CB6890F8048004684C
:102BC00003F06043B3F1005F0D46174603D01025B4
:102BD0002846BDE8F883914E914BC4F808334FF076
:102BE000340C0CFB086C9CF82F302BB1DCF808304F
:102BF000C4F804331125EBE712F0140F0CBF0123C6
:102C000000238CF82F308946B9E80F000CF10C0E28
:102C1000AEE80F00D9F80030CEF80030C7F300134B
:102C20008CF830306B78C4F888354FF482712046C8
:102C3000FFF730FE4FF49271FFF72CFE17F00103FF
:102C400018BF0123C4F8503517F0020318BF012341
:102C5000C4F840352A78032A00F2C080DFE802F089
:102C600082A86602D5F8109009F06043B3F1005FC6
:102C7000ADD14FF48073E968C4F800326B68C4F8D2
:102C80004415C4F848354FF4A871FFF703FE4FF41C
:102C9000B071FFF7FFFD4FF4A471FFF7FBFD0123B7
:102CA0002362A360D4F85031002BFBD04FF4A871FD
:102CB0002046FFF7EFFDAB685A49C4F84495C4F8C5
:102CC0004835342303FB086399604FF4827108236D
:102CD0000025380703D4032A1CBF0122E250342305
:102CE00003FB08F3F218F358002B7CD10122214496
:102CF0000B68002B00F083803422D4F8C434C4F86D
:102D0000C43402FB0866002286F82F20002B3FF413
:102D10005FAF13F0020F48F2012508BF032513F03F
:102D2000040F48F2022318BF1D4651E76B68E9689B
:102D3000C4F84415C4F848352B6903F06041B1F17B
:102D4000005F7FF444AFA968C4F834354FF484536E
:102D5000C4F83815C4F80032342303FB086340F28A
:102D60000221B1E76B68E968C4F8441517F0200F39
:102D7000C4F848354FF034030ED04FF4807103FB94
:102D80000863C4F80012274999604FF4A471FFF753
:102D900081FD012323629AE74FF4007103FB08636E
:102DA000C4F8001240F2022199604FF48271F0E7FA
:102DB0006B68E968C4F83415C4F838354FF48053AB
:102DC000C4F80032342303FB086340F20221996007
:102DD000012323624FF48271002379E74FF482715B
:102DE0000823072575E77B0744BF4FF40073936002
:102DF000342303FB08639B68C4F80433E8E6D4F883
:102E00002431002B3FF474AF4FF492712046FFF74A
:102E100041FD22624FF48271626168E76C410020DB
:102E200002029C01000204000023435082B0435878
:102E30000193019B02B070471FB501238DF800304C
:102E4000054B8DF8080001916846D3E900129047C0
:102E500005B05DF804FB00BFD44100207FB5374AC0
:102E6000D2F82461002E47D010464FF49271FFF73C
:102E7000DBFF02238DF80030D2F88034C2F88034B2
:102E80000393D2F83C358DF808302D4BDA68019267
:102E90000022C3E906226846D3E90012904727487A
:102EA000D0F844316BB14FF4A271FFF7BDFF244B52
:102EB0009A6932B10022D0F83C05D9689A61FFF7CF
:102EC000BBFF1E48D0F82031A3B14FF49071FFF73B
:102ED000ABFF1B4B5A696AB1D0F84C158DF808103E
:102EE000002299688DF8002001915A616846D3E963
:102EF0000012904704B070BDD2F81031002BCED034
:102F00004FF488711046FFF78FFF0D4BD2F83C0548
:102F100099698842C3D1DC69D96864B1D2F800529A
:102F200025F02005C2F800521A699C61DA60DE6162
:102F3000FFF782FFB3E79C61FAE700BF0020004083
:102F4000D44100202DE9F0475B4D90F80480242304
:102F500003FB0853814693F820300C469246002B21
:102F600040F0A5805549006800F0EEFB07460028B8
:102F700040F09F802368D9F80060591C0AD04FF0B8
:102F8000A04101229A40C1F8082503F5E072032010
:102F900041F8220061684A1C1FBF01F5E0724FF042
:102FA000A0404FF0000C40F822C0A269C6F82425CA
:102FB000207D627D012842EA0002C6F86C25C6F831
:102FC0000C35C6F814151CD1A268501C1FBF02F5A1
:102FD000E0734FF0A041002041F82300E368591C42
:102FE0000BD04FF0A04001219940C0F8081503F51F
:102FF000E0714FF0030C40F821C0C6F80835C6F860
:103000001025242303FB08F3EA18C2F804A0226960
:10301000EA50BAF1000F3AD0D9F80000227F4FF4FD
:103020008871FFF701FF4FF49071FFF7FDFE4FF439
:103030009271FFF7F9FE4FF4A271FFF7F5FE204BF6
:10304000C0F8043340F30733002BA8BF03F16041FD
:10305000C0F307304FEA5313BCBF00F00F04194907
:103060004FEA4212A8BF01F561414FEA8303D2B291
:1030700003F16043B4BF0A5581F8002303F56143AF
:1030800000F01F0001228240C3F880211A6008234B
:10309000C6F80035242303FB08550023C5E9063391
:1030A0006B61012385F820303846BDE8F08708279A
:1030B000FAE71127F8E700BFD44100205D2E030096
:1030C0001003020014ED00E00279044B242101FBFF
:1030D00002335869003818BF01207047D4410020DE
:1030E0002DE9F84301F06043B3F1005F05460F4658
:1030F000914632D1FFF7E8FF044680BB2A79DFF81A
:1031000068802D68242606FB02864FF490712846BD
:10311000C6F81490B760FFF787FE4FF4AC71FFF765
:1031200083FE0123C5F84475C5F84895AB60736804
:10313000BBB9D5F82031D5F8580153B90028F8D0DB
:103140000F20242303FB02880023C8F81430BDE8B5
:10315000F883002818BF0F20F3E71020F7E71120AD
:10316000F5E72046F3E700BFD44100202DE9F843FE
:1031700001F06043B3F1005F0E4668D10779354D29
:10318000242303FB0753D3F80480B8F1000F04D0C5
:1031900003684FF40471C3F80813242303FB075397
:1031A000996961B1D96900293DD0B8F1000F04D007
:1031B00003684FF40472C3F80423112031E09A61CC
:1031C000DE6089462423046803FB07532046D96147
:1031D0004FF48871FFF728FE4FF4A271FFF724FE29
:1031E000C4F83465C4F83825B9F1000F20D10123A3
:1031F0002360B8F1000F24D1D4F81031D4F8442161
:10320000D4F8240113431AD10028F5D0242202FB5C
:1032100007550022904218BF03209342AA6118BFAD
:103220000F20BDE8F8831E6111464FF00109C9E780
:10323000D4F8003243F02003C4F80032D9E7134633
:10324000E4E74FF40473C4F804330020E9E71020E6
:10325000E7E700BFD44100200023435082B0435829
:103260000193019B02B070470A4610B54FF48E716E
:10327000FFF7F2FF136A9168C95C136A01331362A6
:10328000C0F81C1510BD8B690A4610B54FF4847147
:1032900023B9FFF7E1FFD0F8183510BDFFF7DCFFC9
:1032A000536AD168D0F81805C854536A0133536281
:1032B000F3E700001FB501238DF80030044BCDE982
:1032C0000110D3E900126846904705B05DF804FB91
:1032D000F841002008B54FF49271FFF7BDFF4FF49D
:1032E0008471FFF7B9FF0123036008BD30B54C4D71
:1032F000D5F804339A0585B051D5D5F82431002B83
:103300004DD04FF492712846FFF7A6FF4FF401739A
:10331000C5F80833434B93F829200AB901226A60A3
:103320003F4902228DF80020D1F88024C1F8802482
:1033300003929A690292DA6801920022C3E9062296
:103340006846D3E9001290473548D0F81C315BB18C
:10335000344A136A5469A3424DD292F82830002BA4
:1033600049D11146FFF780FF2D48D0F84431002B9A
:1033700054D04FF4A271FFF76FFF2A4B93F8292026
:103380000AB1012202609A69002A47D0586AD968B6
:1033900000229A6105B0BDE83040FFF78BBFD5F839
:1033A00004335B07D0D5D5F80831002BCCD01D4CA9
:1033B0001B482146FFF767FF636AA2699A42C3D19F
:1033C000E369E1684BB1A3612369E3600023606AAC
:1033D000E3616362FFF76EFFB6E794F829300BB93B
:1033E00001236B600E4B4FF40172C3F808230023D6
:1033F000606AA361EEE70A484FF48E71FFF72CFF75
:10340000002CB1D09168019100238DF800305361F8
:103410000294D2E9001368469847A5E705B030BD8D
:1034200000200040F84100202DE9F047584D90F869
:1034300004802C2303FB0853814693F82A300C4662
:103440009246002B40F09F805249006800F07CF9C2
:103450000746002840F099802368D9F80060591C7D
:103460000AD04FF0A04101229A40C1F8082503F587
:10347000E072032041F8220061684A1C1FBF01F579
:10348000E0724FF0A0404FF0000C40F822C0A2695B
:10349000C6F82425207D627D012842EA0002C6F894
:1034A0006C25C6F81415C6F80C351CD1A268501C42
:1034B0001FBF02F5E0734FF0A041002041F8230048
:1034C000E368591C0BD04FF0A04001219940C0F88F
:1034D000081503F5E0714FF0030C40F821C0C6F861
:1034E0000835C6F810252C2303FB08F3EA18C2F8A8
:1034F00004A02269EA50BAF1000F32D0D9F80000D6
:10350000227F4FF48E71FFF7A7FE4FF4A271FFF7F1
:10351000A3FE214BC0F8043340F30733002BA8BFB0
:1035200003F16041C0F307304FEA5313BCBF00F012
:103530000F041A494FEA4212A8BF01F561414FEA50
:103540008303D2B203F16043B4BF0A5581F800236C
:1035500003F5614300F01F0001228240C3F880217F
:103560001A600423C6F800352C2303FB08530022FD
:10357000C3E9062283F829205A61012283F82A2010
:103580003846BDE8F0870827FAE71127F8E700BFBB
:10359000F8410020ED3203008000020014ED00E04D
:1035A0000279044B2C2101FB02335869003818BF03
:1035B00001207047F84100202DE9F84F0746894661
:1035C0009346FFF7EDFF044600283BD197F80480AF
:1035D0001D4E2C2508FB056A4FF48E71CAF8200099
:1035E000CAF814B08AF82800CAF808903868FFF7BB
:1035F00033FE012383605146FFF736FEDAF80430CC
:10360000554663B12046BDE8F88F95F82830BBB920
:10361000D0F81C31002BF8D05146FFF725FE2A6A5E
:103620006B699A42F4D3D0F81C31002BFBD00123F4
:10363000C36000202C2303FB086600237361E2E7CC
:103640000F20F7E71120DEE7F84100202DE9F047D1
:10365000394D07792C2303FB075306465C6824B1D8
:1036600003684FF40170C3F808032C2303FB0753CE
:10367000986950B1D869002840D024B133684FF41C
:103680000172C3F80423112435E09A61D9605862AD
:10369000024601462C2303FB0753DA6193F82930D5
:1036A000306813B909B9FFF715FE002C3AD14FF471
:1036B000A2714FF02C09FFF7CFFD07FB0958C14657
:1036C0003068D0F824A1D0F80831D0F84441C3B90B
:1036D00014B9BAF1000FF3D02C2303FB07550023D4
:1036E000AB61BAF1000F23D124BB95F829103368E0
:1036F0000122A9B11A602046BDE8F08719610121B5
:10370000C8E7BAF1000FE7D1002CE5D14146FFF739
:10371000BAFDD9F82430D9F818209A42D0D8DBE77E
:103720005A60E8E74FF40173C0F804330024E2E77D
:103730000324E0E70F24DEE7F8410020014B1B687B
:10374000184700BF244200200E4B984237B50C4664
:1037500002D0002003B030BD00230DF107008DF82A
:10376000073000F0D7F8084B1D7915B901221C600D
:103770001A719DF8070000F0F1F8002DE9D0112032
:10378000E8E700BF0020004024420020034B98429D
:1037900001BF034B00221A601A71704700200040DD
:1037A0002442002000F1804000F5E040002382B078
:1037B000036003680193019B02B07047F0B5534B5F
:1037C000534CD3F8043194F82E2085B0002B3BD015
:1037D0004FF48270FFF7E6FF2AB394F82F3013BB43
:1037E0004A4AD2F80031002B32D04FF48070FFF7F4
:1037F000D9FF638B94F82D00834250D921891B1A7D
:103800009BB289B26383CB1A616801EB4301C2F8B2
:103810002C16C2F830064FF48270FFF7C3FF3B4B03
:1038200001225A6014E0636802932389ADF80C30DA
:10383000E36800218DF8041033BB2374236801A8CA
:103840009847002384F82F3094F82E30002BC7D1EE
:103850002E4BD3F810315BB14FF48870FFF7A2FF05
:103860000023237402238DF8043001A823689847AD
:10387000264BD3F81431FBB14FF48A70FFF792FF57
:103880000023237405B0F0BD208B6083636020812A
:10389000E160002AD2D11D4B01221A60CEE7BAD1D5
:1038A000E368012184F82F1023B100216183C2F85D
:1038B0002C36AEE76383AEE766694FF0004701251B
:1038C000002EDFD0B6FA86F227FA02F346329200D3
:1038D00026EA030602F1804303F5E0431B68002B50
:1038E000EED01046A2F58C72FFF75CFFD30882F091
:1038F0000402C2F380028DF808308DF8045023686A
:103900008DF8092001A89847DAE700BF0070004051
:103910002C42002070B5EFF3108672B60C4A946802
:10392000012384B993600B4B0B4DD3F880102940D1
:103930001160C3F88050D3F8841051604FF0FF320B
:10394000C3F884202346037006B962B670BD00BF79
:103950005C42002000E100E0FC06FFBD084B9A68D5
:1039600010B55AB150B9EFF3108172B6054A1C6810
:1039700014605C685460986001B962B610BD00BF05
:103980005C42002000E100E01FB50021039001AA85
:1039900044F20100CDE9011100F004F805B05DF832
:1039A00004FB000072B6094BD3F8F020D20700D513
:1039B00000BEBFF34F8FD968054A01F4E0610A43A6
:1039C000DA60BFF34F8F00BFFDE700BF00ED00E0FE
:1039D0000400FA051EF0040F1CBFEFF309800AE093
:1039E000EFF308800549064A884201D8904202D880
:1039F0008D464FF00000034B1847000000F80020F0
:103A000000D800202D3A0300BFF34F8F0549064B25
:103A1000CA6802F4E0621343CB60BFF34F8F00BF6C
:103A2000FDE700BF00ED00E00400FA0508B5034B18
:103A30009A6ADB6AFFF7E8FF08BD00BF00ED00E00F
:103A400010B5034653E8000F40EA010243E80024A2
:103A500094F0000FF6D110BD10B5034653E8002FC7
:103A600042EA010043E8000494F0000FF6D110BDD3
:103A700010B5034653E8002F02EA010043E80004B2
:103A800094F0000FF6D110BD0121FFF7D9BF00213E
:103A9000FFF7EEBF49B152B1531E1A4007D1826001
:103AA00001608380C260104670470E207047092075
:103AB000704710B58468C2688388121B934208D38C
:103AC000C26813400268D154C3680133C360002048
:103AD00010BD0420FCE78268C3689A420AD082685D
:103AE000838813400268D35C0B7083680133836062
:103AF00000207047052070470648074A03780749A9
:103B0000D35C012213B10430FFF730BB0C30FFF758
:103B10009DBD00BF48310020A840002090420020F9
:103B20000648074A03780749D35C012213B10430E1
:103B3000FFF7D6BA0C30FFF73FBD00BF4831002079
:103B4000A84000209142002037B50578012D0DD006
:103B5000022D2ED005BB1E491E48FFF7BCFF0028D2
:103B600032D103B0BDE83040FFF7DABF43681A4CEA
:103B700019782046FFF79DFF80B18DF80050019025
:103B8000164B68461B689847A168E368A2885B1AD1
:103B90009A420AD3FFF7B0FF03B030BDA268E368D2
:103BA0009A42F1D08DF80000EAE70D4B01221A701D
:103BB000F2E7C3688DF800500193FFF79DFF074BB4
:103BC00068461B689847E7E703238DF80030F6E75F
:103BD00091420020804200206C4200206842002078
:103BE0007C420020F0B51F46234B89B004461A6082
:103BF0000D4600293DD08A8820480968FFF74AFF12
:103C0000002834D1AA89A9681D48FFF743FF00287E
:103C10002DD11C4E0FCE6D460FC596E80F0085E8DE
:103C20000F0063690693237C174A18488DF81C70AF
:103C3000003B18BF01238DF81430637C002B14BFA8
:103C40000E2300238DF81530E3680293A3680393D5
:103C500023680193694663680093FDF7FBFE30B962
:103C60000B4B18702368013301D0FFF745FF09B0F3
:103C7000F0BD0720FBE700BF684200206C42002037
:103C80008042002038420400493B030048310020B4
:103C90007C42002070B5084D014608482E78FFF799
:103CA0001AFF044636B100232B70FFF725FF08B139
:103CB000FFF76AFE204670BD7C4200206C42002067
:103CC00010B501460E48FFF7F4FE0446A8B90D48AA
:103CD0000D4A0378D35C63B10430FFF7F5F960B99E
:103CE0000A490748FFF7F7FE38B9BDE81040FFF76B
:103CF00017BF0C30FFF754FCF1E7204610BD00BFA2
:103D00008042002048310020A8400020914200203D
:103D100010DF704713B504460949684600F08CFC73
:103D2000019808B902B010BDD0E9002120469047A3
:103D300018B1684600F088FCF2E71120F2E700BFF6
:103D40005C42040013B504460749684600F074FC61
:103D5000019B0BB902B010BD2046D3E9002190476A
:103D6000684600F071FCF3E7744204000B4991F8D7
:103D70001623EC2352091341DB0706D5084B9A683A
:103D80003AB94FF480030B60704742F20200FFF72C
:103D9000FBBD1A6842F480021A60704700E100E03F
:103DA0005C420020F7B5194F3C7864BB184E0125E2
:103DB00020463570FFF7AEFF112821D02046FFF7CF
:103DC000C1FF144B8DF80340186801900DF10300FA
:103DD000FFF7A0FD104901A8FFF79AFF0446B0FACB
:103DE00080F0400938709DF80300FFF7B7FD3CB93B
:103DF0000A4B34701C70FFF7B9FF2846FFF7A2FF8B
:103E0000204603B0F0BD0824FAE700BF934200202B
:103E10009242002058420400A53903009442002039
:103E2000014B1878704700BF9342002007B508493E
:103E3000684600F001FC019B13B903B05DF804FB78
:103E4000D3E900209047684600F0FEFBF3E700BF8F
:103E500068420400FFF7EABF60DF704769DF704720
:103E600061DF704730B5134DADF5017D4FF4FA7445
:103E70000DF1020103A8ADF80240FFF7F1FF70B9A0
:103E8000294601A800F0D8FB029B002BF0D003A824
:103E9000D3E90021904701A800F0D6FBF4E70528FC
:103EA00005D00DF5017DBDE83040FFF76DBD0DF586
:103EB000017D30BD80420400024B1B780BB1FFF73F
:103EC000D1BF704795420020F0B5064685B00D463B
:103ED000002948D00024254A0A60CDE90144062380
:103EE00001278DF8040001A92020ADF808300394C3
:103EF0008DF80670FFF7B2FF2A68039401A94020ED
:103F0000CDE901448DF80570FFF7A8FFF7232A6873
:103F1000039401A92320CDE90144ADF806308DF8C2
:103F20000460FFF79BFF02232A68039401A9384627
:103F3000CDE901448DF80430FFF790FF4FF4B063F2
:103F40002A68019301A9A120CDE90244FFF786FF69
:103F50002A68039401A9A020CDE90144FFF77EFF60
:103F6000204605B0F0BD0E20FBE700BF003000206A
:103F700008B5FFF771FF10B9014B01221A7008BD97
:103F8000954200204BDF70471FB50E4C01A8FFF78C
:103F9000F9FF70B9214602A800F04EFB039B002BED
:103FA000F4D00198D3E90021904702A800F04CFB1F
:103FB000F4E7052804D004B0BDE81040FFF7E4BCE6
:103FC00004B010BD8C4204006DDF704779DF70478C
:103FD0007DDF704764DF70472DE9F04F85B0002525
:103FE0000E9CBDF83CB0B4F800A001910746904685
:103FF0001E46A9463A884A450DDC45B12388013B57
:10400000A3EB0A039BB2FF2B39D806F80A30002035
:1040100005B0BDE8F08F7A6852F8290003900022BD
:104020000DF10B0103A8FFF7D5FF0028F0D19DF893
:104030000B20424520D1228885F0010002EB0801C7
:1040400001EB400159451ADC3DB9013292B2019BA6
:104050002280B35422880132228022880DF10B0184
:10406000324403A8FFF7B6FF0028D1D121889DF87C
:104070000B200A442280012509F10109BAE70C202E
:10408000C6E72DE9F341089FBDF824801546CDE928
:104090000078022204461E46FFF79EFF50B93346C1
:1040A000102229462046CDE9087802B0BDE8F0414B
:1040B000FFF792BF02B0BDE8F0812DE9F04F002379
:1040C0001788138090F82D3085B006460D461446AB
:1040D0005BB3082F01D80C2028E102A8FFF774FF7A
:1040E000002840F023812388DDF809100822EA54D3
:1040F000238801339BB21B222380EA542388013397
:104100009BB2EA182380E950BDF80D3093802388D4
:104110009DF8082006339BB212F0FE0218BF012260
:104120002380EA54238801332380B378FBB12388AA
:104130000433BB42CFD802A8FFF748FF002840F065
:10414000F58023880322EA54238801339BB2192285
:104150002380EA542388BDF8082001339BB2E91874
:104160002380EA54120A4A70238802332380F278AB
:104170009AB12388D91CB942ADD80221E9542388C9
:1041800001339BB201212380E95423880B449BB265
:104190002380EA5423880B4423807368ABB193F9DE
:1041A00000202388D91CB94295D80221E9542388DC
:1041B00001339BB20A212380E954238801339BB247
:1041C0002380EA542388013323803389002B40F075
:1041D000A180338A5BB1CDE900472B46072203213A
:1041E00006F11000FFF74DFF002840F09F80338B51
:1041F0005BB1CDE900472B461522142106F11800CA
:10420000FFF73FFF002840F09180326A002A40F01B
:104210009080D6F82480B8F1000F30D0B8F8043080
:104220002188981C8A1C0244BA423FF654AFFE28EB
:104230003FF651AF03336B54238801339BB2FF2207
:104240002380EA54238801339BB22380B8F80020EE
:10425000EA54E918120A4A702088023080B220809D
:10426000B8F804205AB1D8F8081000296BD02844B7
:104270000DF026FB2388B8F804201344238096F819
:104280002C30002B40F09880307800284ED03388B6
:10429000012B58D0228802F1020CBC453FF61BAF1F
:1042A000012805D17378023313449F42FFF413AF02
:1042B000023FBF1ABFB202A905EB0C00ADF80870AF
:1042C000FFF786FE90BB3178BDF80830022900F078
:1042D000B98072789A4202D39F4280F0B18001295E
:1042E00040F0B280974293B2C0F0AE80ADF8083093
:1042F0000821BDF80830FE2B3FF6EDAE22880133D1
:10430000AB542288013292B22280A95422881344ED
:1043100023800BE0CDE900472B460622022106F15F
:104320000800FFF7AEFE00283FF453AF05B0BDE82C
:10433000F08FB4F800C00CF10603BB423FF6CBAEE1
:104340001188052901D80720F0E76FF4486E01EBCA
:104350000E039BB24FF27D3E7345F4D95388052B73
:10436000F1D96FF44860181880B27045EBD94FF658
:10437000FF70814201D09942E5D8052305F80C3041
:10438000238801339BB212212380E954238801330F
:104390009BB223801188E954E818090A41702388E8
:1043A00002339BB223805288EA54E918120A4A70F9
:1043B0002388023323802CE7B36A002BC3D04FF04D
:1043C00000084FF00C0A4FF0160BB16A5FFA88F242
:1043D0000AFB02F201EB0209B9F80430981CFE282E
:1043E0003FF679AE208803332B54238801339BB2E8
:1043F000238005F803B0238801339BB223808A5AB7
:10440000EA54E918120A4A702088023080B22080EB
:10441000B9F804205AB1D9F80810002993D02844DB
:104420000DF04EFA2388B9F804201344238096F83F
:104430002C2008F101085FFA88F39A42C5D823E7D7
:10444000092156E79F42FBD2ADF8087050E770B5DE
:10445000C0B14AB116880024B44203D305196D785F
:104460009D4208D0A14201D800200BE0055D013536
:104470002C44A4B2F0E7A142F6D9A31C1380005D3E
:10448000013880B270BD13B513460022ADF8062086
:104490000DF106020446FFF7DAFF10B1BDF8063051
:1044A000E01802B010BD90DF7047A5DF7047B5DFA0
:1044B00070471FB50023ADF80810ADF80A106A4622
:1044C00002A903930093ADF80430FFF7ECFF05B0A9
:1044D0005DF804FB80B14FF0F7130360FB23037119
:1044E000F723C3801723038141F6FB3200230161C8
:1044F00043818281184670470E20704730B1A1F188
:104500001703E02B04D80180002070470E2070476D
:104510000720704713B5034680880C4698B91A885F
:10452000242A76D011D8112A52D0232A7ED0102ADC
:104530002BD0A37A3BB1E1880020FFF7B6FF10B97A
:104540004FF48073638102B010BD3A2A49D0552AD6
:10455000EFD1DB88C988A072172B38BF17238B4295
:1045600028BF0B462381FFF7A2FFE37A002BE0D19F
:104570002369002BDDD040F6772200922289ADF826
:104580000420694620469847D3E7DB7B0A790A7303
:10459000012B13D0022B14D0E18823898B4205D242
:1045A0000020FFF782FF70B90123E372217B637B58
:1045B0008B42BED20020FFF77CFFBAE70B88E38076
:1045C000EAE74B88FBE7112804BF0123A372EDE75C
:1045D000F723CB8017230B8141F6FB3348818B8176
:1045E000A7E75B89CA88934228BF1346172B0A693D
:1045F00038BF17230B814AB1C97A39B140F6772108
:104600000091ADF80430694620469047002363814D
:104610008FE71A7A0B694A73002B8AD04DF67A21FC
:104620008DF8050000918DF80420AAE7197A237B04
:10463000994228BF1946BEE7D1E90032934208BF2C
:104640000023016043607047436843B1026891688A
:1046500052680B449342436004BF00234360704799
:104660006DDF704776DF704777DF70477ADF70471E
:104670007CDF70477FDF70478FDF7047A8DF7047B0
:10468000AADF7047B0DF7047B1DF704762DF704765
:10469000014B5B68184700BFA44700207047704774
:1046A0007047FFF771B900000388212B07B52BD0A5
:1046B00008D8112B1ED0132B32D0102B0DD003B0E5
:1046C0005DF804FB522B33D0562B01D03B2BF6D197
:1046D00013218088FFF7C6FF05E0194B8188194830
:1046E000198005F0A1FA0028E9D003B05DF804EBC9
:1046F000FFF74AB9124B4FF6FF721A80124A002395
:104700001370124A1370DAE700238088ADF8043082
:1047100001A9FFF7B1FF0028D1D0FFF735F9CEE7A7
:10472000074800231A4685210088FFF7A3FFDAE730
:10473000034800231A4619460088FFF7A5FFD2E771
:1047400068310020804600203839002030390020B0
:1047500010B50C7814B1012C12D010BD0C4B0122F5
:104760001A700C4B5B6898470B4822464FF4C021E7
:1047700005F008FD0028F0D0BDE81040FFF704B9AF
:10478000034B054800221A7005F044FDF2E700BF14
:1047900030390020A44700204846002007B50378A0
:1047A000032B14D8DFE803F002161D21838A016968
:1047B0000F48019301AA05F020FF20B90D4A019985
:1047C00013680B4413600C4B9B6803B1984703B00C
:1047D0005DF804FB084BDB6803B19847074B0022E8
:1047E00001E0074B01221A70F1E7054BF7E700BF24
:1047F000CC420400B8420020A4470020D04300204F
:104800003839002030B5044689B041B138B1038849
:10481000502B4ED005D8102B43D0112B45D009B0CA
:1048200030BD512BFBD1428942F66E239A42F6D11C
:10483000102200210DEB02000CF01AFF284B00257E
:104840001B688DF807500DF1070102A89847DDEDB0
:10485000027A9FED247A67EE877AFDEEE77A17EE0B
:10486000903A23F07F4343F07E430393A379012BD7
:10487000D5D18DF810309DF80730ADF81A3003AB64
:1048800007939DF81630A088ADF8145043F001034B
:104890008DF8163004A9E389ADF81830FFF7F2FE61
:1048A000BDE78288104BDA81B9E70F4B4FF6FF72F4
:1048B000F9E70D4DC2886B899A42B0D1038A022B69
:1048C000ADD12B68002BAAD0123004F041FF80F04C
:1048D00001008DF810002B6804A9284698479EE730
:1048E000A44700200000C842BC420020094B4A886F
:1048F0001B889A420DD10A8840F677239A4208D144
:104900008B88054805490068033B9BB201220CF0E7
:104910002BBC704768310020D8430020D0420020D3
:10492000FFF732B808B508490848FFF7D3FD08B1CA
:10493000FFF72AF80548F721FFF7E0FD18B1BDE8B9
:104940000840FFF721B808BDED4803006846002085
:10495000F0B5B04D03682B6043686B608368AB6053
:10496000C368EB6003692B61C7B090F914302B75F5
:1049700005F0C6FB28B9A84AA848012105F0F0FBBC
:1049800008B1FFF701F8FFF70DFA08B1FEF7FCFFD9
:1049900000231BA901201B93FFF796FA08B1FEF72D
:1049A000F3FF1BA8FFF7E4FA08B1FEF7EDFF0AA832
:1049B000FFF756FE68B92A699DF829109DF82A303C
:1049C000009102B9964A974997480CF07BFC964BA8
:1049D0002B6129690391112308468DF858300CF09A
:1049E0007DFF039982B216A8FFF742FE08B1FEF7D9
:1049F000CBFF0023ADF870308C4B1B931BA84FF4FA
:104A0000C873ADF87230FFF731FE08B1FEF7BCFF96
:104A1000FFF788FF002110220EA80CF029FE844821
:104A20000023C0E90033836007A9824B079305F098
:104A3000E9F808B1FEF7A8FF7F4B8048069306A966
:104A400004F0E4FB08B1FEF79FFF00230D9341F251
:104A500011137B4EADF8343011238DF83630794B7D
:104A60000C9333604FF6FF73F381774B12AA03F177
:104A7000100C174618685968144603C40833634578
:104A80002246F7D171493846FFF700FE0446002858
:104A90004ED1337C8DF822306D4A41F61A0308A9B5
:104AA0000120ADF82030FFF7E9FD044600283FD192
:104AB00001468DF812001C221BA80CF0D9FD41F212
:104AC0001113ADF810309DF81230B0881A940122FD
:104AD00062F342038DF812309DF86C309DF835205A
:104AE0008DF8142043F002039DF836208DF86C30C9
:104AF000337C8DF826308DF8152042F66E230B227C
:104B0000ADF824308DF8162005AB09AACDE916239F
:104B10000823CDE9184404AFADF86030ADF8643037
:104B200016AA4C4B20971BA9FFF7AAFD044610B10B
:104B30002046FEF729FF0023CDE90F33464B0E93A5
:104B400001238DF83C3003F1013362334348119364
:104B50000EA904F030FC08B1FEF716FF0021AC22CC
:104B60001BA80CF085FD02238DF86C3006238DF810
:104B70006F300323ADF8B830394B2F9301238DF8F4
:104B8000E83040233D933748374B44931BA905F049
:104B90006EFB08B1FEF7F8FE3248012105F064FB18
:104BA000142200211BA80CF063FD4FF470234FF476
:104BB0002032CDE91C2303238DF878302B4B209332
:104BC0001BA82B4B219304F0B1FF08B1FEF7DCFECC
:104BD0002448032105F0C8FB08B1FEF7D5FE214BA0
:104BE00095F9142093F854100120FFF73DFD08B10A
:104BF000FEF7CAFE1F4920480CF0ACF91F4B2049B4
:104C000018601D480CF0A6F91E4B18601E4805F0F0
:104C1000EBFC3BE0A447002091460300C84204009F
:104C200098420400A84204009642002006000800B2
:104C300080460020A34603009D4703006C310020FE
:104C4000BC4200209D460300B8420400CC42002034
:104C5000C0420020C24200205147030034460020D9
:104C60005C310020DC430020A14603009F46030086
:104C700021490300B6420400C7410400D843002084
:104C80007E480400D4430020CC42040047B0F0BD6D
:104C900073B50F4A0F4D92682B88019104465AB99B
:104CA0000D4E2B8801AA2146304604F029FB13281B
:104CB0000BD106F073FCF4E7014601AA064804F0A4
:104CC0001FFB132801D100230193019802B070BD8E
:104CD000A4470020683100206C31002007B5019105
:104CE00001AA0146094805F0C5FC60B90198084BC6
:104CF00028B11A68121A1A6003B05DF804FB186034
:104D00004FF0FF30F8E70020F6E700BFCC42040088
:104D1000B8420020014608B54FF6FE72034804F081
:104D2000BEFB003818BF0120404208BD34460020B9
:104D300058B143684BB183683BB1C3682BB140782D
:104D4000B0FA80F04009404270474FF0FF307047A2
:104D5000F8B5054618461C46FFF7EAFF58B951B1A9
:104D600062B1A66863782846B0470028A07018BFD3
:104D70006FF00100F8BD4FF0FF30FBE76FF004006B
:104D8000F8E713B504460191FFF7D2FFF8B9012205
:104D9000234601A91046FFF7DBFFB0B923460122E5
:104DA0000DF105010220FFF7D3FF70B92346012260
:104DB0000DF106010320FFF7CBFF30B92346012296
:104DC0000DF107010420FFF7C3FF02B010BD4FF043
:104DD000FF30FAE71FB50190FFF7AAFF58B9C522C7
:104DE0008DF80C20019B012203A94020FFF7B0FFA2
:104DF00005B05DF804FB4FF0FF30F9E713B504464A
:104E00008DF80720FFF794FFE0B9012914D002299B
:104E100006D061B9234601220DF10701322004E0DA
:104E2000234601220DF107011020FFF791FF2046D4
:104E3000FFF7D0FF02B010BD0A4623460DF107016F
:104E40002120F2E74FF0FF30F4E770B50546184631
:104E50001C46FFF76DFF50B949B166686378284674
:104E6000B0470028A07018BF6FF0010070BD4FF070
:104E7000FF30FBE71FB5002201908DF80F20FFF7F0
:104E800057FF88B90122019B0DF10F011046FFF772
:104E9000DCFF019B28B901220DF10F011046FFF73D
:104EA00057FF05B05DF804FB4FF0FF30F9E710B590
:104EB0000246FFF73DFF044620B9D36808469847ED
:104EC000204610BD4FF0FF34FAE737B50546FFF72F
:104ED0002FFF80B9C5238DF8043001A92B4601228C
:104EE0004F20FFF735FF322104462846FFF7DFFF4A
:104EF000204603B030BD4FF0FF34F9E713B500236F
:104F000004468DF80330FFF713FFD0B92346012282
:104F10000DF10301FFF799FF88B99DF80330CE2BFF
:104F200012D123702046FFF7D0FF40B9142120464C
:104F3000FFF7BDFF40F207712046FFF722FF02B0E6
:104F400010BD4FF0FF30FAE76FF00500F7E758B1FA
:104F500043684BB183683BB1C3682BB10078B0FAAA
:104F600080F04009404270474FF0FF307047F8B57D
:104F7000054618461C46FFF7EAFF58B951B162B121
:104F8000A66823782846B0470028A07018BF6FF0A5
:104F90000100F8BD4FF0FF30FBE76FF00400F8E7C9
:104FA0001FB5CDE90001FFF7D2FFB0B99DF804109D
:104FB0009DF80520009B0A439DF806100A439DF8C2
:104FC00007100A438DF80F200DF10F010122032075
:104FD000FFF7CDFF05B05DF804FB4FF0FF30F9E7B8
:104FE0001FB5CDE90001FFF7B2FFB0B99DF805107C
:104FF0009DF80420009B0A439DF806100A439DF883
:1050000007100A438DF80F2001220DF10F01104601
:10501000FFF7ADFF05B05DF804FB4FF0FF30F9E797
:1050200010B586B002AC84E806000190FFF78FFF50
:10503000C0B99DF809109DF80820019B0A439DF80E
:105040000A100A439DF80B100A439DF80C100A43FE
:105050008DF817200DF1170101220220FFF787FFBD
:1050600006B010BD4FF0FF30FAE71FB5CDE90001E3
:10507000FFF76DFF98B99DF804109DF80520009B7F
:105080000A439DF806100A438DF80F200DF10F0119
:1050900001220420FFF76BFF05B05DF804FB4FF021
:1050A000FF30F9E707B500908DF80710FFF74FFFC5
:1050B00048B9009B01220DF107010520FFF757FFBA
:1050C00003B05DF804FB4FF0FF30F9E710B586B090
:1050D00002AC84E806000190FFF739FFC0B99DF8E3
:1050E00009109DF80820019B0A439DF80A100A4305
:1050F0009DF80B100A439DF80C100A438DF81720F9
:105100000DF1170101220820FFF731FF06B010BD95
:105110004FF0FF30FAE71FB50090ADF80410FFF72D
:1051200016FF80B99DF805109DF80420009B0A43E6
:105130008DF80F200DF10F0101220920FFF717FF55
:1051400005B05DF804FB4FF0FF30F9E7F8B506460F
:1051500018460D461C46FFF7FAFE78B971B1237860
:1051600067683046B847A0702B78002818BF6FF0EA
:105170000100FF2B08BF6FF00600F8BD4FF0FF30B5
:10518000FBE71FB5002201900C468DF80F20FFF7BA
:10519000DEFEB0B9019B01220DF10F01FFF7D6FF32
:1051A000019B024650B99DF80F200DF10F011443E9
:1051B00001228DF80F40FFF7DAFE0246104604B0D8
:1051C00010BD4FF0FF32F9E71FB5002201900C46E9
:1051D0008DF80F20FFF7BBFED8B9019B01220DF11E
:1051E0000F01FFF7B3FF90B99DF80F309A092270B5
:1051F000C3F300126270C3F3C002A270C3F3800253
:10520000E270C3F3400203F001032271637104B042
:1052100010BD4FF0FF30FAE71FB50190FFF797FE82
:10522000A8B9019B012203A90920FFF78FFF019B69
:1052300050B99DF80C2062F07F028DF80C2003A974
:1052400001220920FFF793FE05B05DF804FB4FF043
:10525000FF30F9E710B50246FFF779FE044620B9A2
:10526000D36808469847204610BD4FF0FF34FAE750
:1052700030B585B005460191FFF769FEC0B99DF8CC
:1052800005309DF804201A439DF806301A438DF826
:105290000F200DF10F012B4601220720FFF767FEBB
:1052A000012104462846FFF7D5FF204605B030BD52
:1052B0004FF0FF34F9E72DE9F0418AB000230546AD
:1052C0008DF803308DF80A300493ADF80C308DF86A
:1052D0000E3006AF06938DF81C3008AE08938DF89B
:1052E00024300593FFF733FE00285FD12B460122BF
:1052F0000DF10301FFF72AFF8046002852D128460E
:10530000FFF78AFF002854D132212846FFF7A2FF79
:10531000414604462846FFF734FF782104432846D7
:10532000FFF7C0FE4FF40873ADF80430019928462A
:10533000FFF7F1FE4FF43253ADF8103064B2049928
:1053400004432846FFF72CFE4FF42253ADF80830F3
:1053500064B2029904432846FFF787FE28238DF89C
:105360000D3064B2039904432846FFF781FF4023C0
:105370008DF8193064B297E8060004432846FFF719
:10538000A5FE64B296E8060004432846FFF748FEEF
:1053900064B2044305992846FFF722FE64B2204315
:1053A0004FFA80F840460AB0BDE8F0814FF0FF3870
:1053B000F8E76FF00508F5E710B50246FFF7C7FDFF
:1053C000044628B91369517008469847204610BD15
:1053D0004FF0FF34FAE7F0B585B0002304460E46DF
:1053E0008DF8033003938DF80A30FFF7B0FD0028E5
:1053F0004BD1012120466778FFF7DEFF4FF4087399
:10540000ADF8043001992046FFF785FE4FF4225392
:10541000ADF8083002992046FFF727FE4FF43253CB
:10542000ADF80C3002238DF80E3003992046FFF7BB
:10543000B7FD012223460DF103011046FFF786FE5A
:10544000054660B99DF80330DA093270C3F3801263
:105450007270C3F34012C3F30013B270F37001997A
:105460002046FFF758FE00238DF80E3003990646BC
:105470002046FFF795FD30430543394620466DB27F
:10548000FFF79AFF284605B0F0BD4FF0FF35F9E76A
:10549000F7B580238DF80630002306460C468DF8BC
:1054A0000730FFF754FD00284BD1012130467578B5
:1054B000FFF782FF0DF10601334601220A20FFF7B4
:1054C00056FD022107463046FFF7C4FE47B16FF094
:1054D000010729463046FFF76FFF384603B0F0BD9D
:1054E000334601220DF107010A20FFF72FFE074680
:1054F0000028ECD19DF80730C3F34112022AC3F310
:1055000082030FD0032A0FD0012A14BF3C22462267
:10551000013B2270062BDCD8DFE803F0080B0D0DF1
:105520000F0F11005022F3E75A22F1E702322270E6
:10553000CFE70432FBE70632F9E70832F7E70A3231
:10554000F5E74FF0FF37C8E773B5002306460C4672
:1055500015468DF80730FFF7FAFCC8B90DF10701C1
:105560003046FFF795FF28B99DF807303C2B03D153
:105570002870208002B070BD3C3B03EBD3735B10FE
:10558000054AD25C2A70054A32F813302380F1E7CD
:105590004FF0FF30EEE700BF90310020A631002031
:1055A000F0B585B00023CDE9023305468DF806300D
:1055B000FFF7CDFC074600285CD12E7D002E42D19E
:1055C00001212846FFF7F8FE4FF40873ADF80030CC
:1055D00000992846FFF79FFD4FF42253ADF80430A1
:1055E000019904462846FFF740FD4FF43253ADF8C9
:1055F000083002238DF80A30029904432846FFF749
:10560000CFFC64B2044303A92846FFF7E4FE0199E6
:105610002846FFF72AFD64B2009904432846FFF7A5
:105620007AFD64B28DF80A60029904432846FFF7B8
:10563000B7FC64B2044364B231462846FFF7BCFEAF
:10564000204605B0F0BD012E14D14FF42253ADF821
:10565000043001992846FFF708FD4FF43253ADF8A6
:105660000830029904462846FFF79AFC044364B2C6
:105670003946E2E74FF0FF34E2E737B5002305464D
:1056800001938DF80230FFF762FCC8B94FF4325332
:10569000ADF8043001992846FFF782FC4FF42253FD
:1056A000ADF80030009904462846FFF7DEFC0121E2
:1056B0000443284664B2FFF77FFE204603B030BDA6
:1056C0004FF0FF34F9E7000008B5034B01211878CB
:1056D000FBF7D4F840B208BDBC47002013B592B226
:1056E0000092024604480C46007819462346FBF710
:1056F000E9F802B010BD00BFBC47002013B592B25C
:105700000092024604480C46007819462346FBF7EF
:105710003BF902B010BD00BFBC470020FAF73CBE09
:10572000012208B511461C20FBF7C0FB40B208BDA2
:10573000012808B502464FF0010128BF01221C20B4
:10574000FBF7B4FB40B208BD07B50C4B0C49187011
:105750000B6001234B6001AB00228B600948ADF860
:1057600004200223CB60FCF7FBFE10B106480BF0CF
:10577000EBFC9DF8050003B05DF804FBBD4700207D
:10578000C448002098430400D84204002DE9F041A9
:10579000124E144680460F464FF482720021304666
:1057A0001D460BF065FF30462246394600F8018B56
:1057B0000CF086F80A49BDF818300A480E6001342A
:1057C0000022C1E90145CB60FCF7CAFE18B10648CA
:1057D0000BF0BAFC0320BDE8F08100BFBD470020FC
:1057E000C448002098430400F842040037B5002460
:1057F000054600942346224621460620FFF7C6FFB1
:10580000B5F5001F2ED2194B4FF48272214618466F
:105810000BF02EFF2022164902702A0C42702A0A31
:105820008270C570086004231248CC602246C1E92A
:105830000134FCF795FE28B10F480BF085FC0320DE
:1058400003B030BD0520FFF77FFFC307FAD42B203C
:10585000FFF77AFF10F0600F06D008480BF074FCD9
:105860000820EDE70120EBE70720E9E7BD4700202E
:10587000C44800209843040013430400314304004B
:1058800038B5036A8B4205460C4602D20720FEF764
:105890007BF8E8696043FFF7A9FF002038BD0000EE
:1058A0002DE9F743002580460F46164600952B4606
:1058B0002A4629460620FFF769FFB8F1000F3AD0C3
:1058C0007B1EFE2B27D8B6F5001F36D2DFF884905A
:1058D0004FF48072294648460BF0CAFE184B4FF42D
:1058E0008272294618460BF0C3FE1649C670320C68
:1058F00042700423320A03248270C1E90139047022
:105900000860FB181048CB602A46FCF729FE20B13E
:105910000E480BF019FC03200AE00520FFF714FFE6
:10592000C307FAD40A493A4640460BF0C9FF09209A
:1059300003B0BDE8F0830220FAE70120F8E700BFDA
:10594000BD470020C44800209843040041430400A0
:10595000D8480020D4480020F8B516461F46D0E9A4
:1059600007328A4205460C4604D301FB03615A43C1
:10597000914202D90720FEF707F8EA69069902FB6F
:1059800004623846FFF78CFF0020F8BD2DE9F34193
:10599000002480460D4617460094234622462146A1
:1059A0000620FFF7F3FEB8F1000F2DD075B3B7F561
:1059B000001F2DD2174E4FF48272214630460BF055
:1059C00057FE022333703B0C2A46737041463B0A54
:1059D000301DB370F7700BF073FF0F490F480E6066
:1059E00004352246C1E90154CC60FCF7B9FD10B181
:1059F0000B480BF0A9FB0520FFF7A6FEC307FAD45E
:105A00000C2002B0BDE8F0810220FAE70320F8E79D
:105A10000120F6E7BD470020C44800209843040059
:105A20005C430400F8B516461F46D0E907328A42A7
:105A300005460C4604D301FB03615A43914202D947
:105A40000720FDF7A1FFEA69069902FB04623846C8
:105A5000FFF79CFF0020F8BD114B13B59021197082
:105A600010490022DA700B60042304464B600E4894
:105A700000920623ADF80420C1F808D0CB60FCF7F3
:105A80006FFD28B109480BF05FFB032002B010BD89
:105A90009DF8043023709DF805306380F6E700BF61
:105AA000BD470020C4480020984304007B43040005
:105AB00007B5002300931A4619469920FFF766FEA2
:105AC0000520FFF741FEC307FAD403B05DF804FBDD
:105AD000002070471FB5002423462246214600942B
:105AE0000620FFF753FE23462246214600946620F7
:105AF000FFF74CFEFFF7DCFF2346224621460094C9
:105B00000620FFF743FE03A8FFF7A6FF204604B0D8
:105B100010BD000010B50378012B21D0022B17D047
:105B2000ABB9124C2046FEF7B5F8114B11491A8853
:105B3000207892B288541A8840F2FE3192B28A429A
:105B40009DBF1A88013292B240F2FF321A8010BD16
:105B50004068FDF719FF0848BDE810400BF0F4BAA3
:105B60004068FDF711FF0548F6E700BFD84A00205E
:105B7000D64A0020D94B0020A0430400B7430400BC
:105B800010B500388AB018BF01200B460924114611
:105B90001422CDE904428DF82030154A8DF82100F9
:105BA000002300200AF0C2F900F50060114B124AF0
:105BB000009320F47F604FF4807320F00F00CDE954
:105BC000022309900D4A01936946032304A8FEF7B6
:105BD00009F8049B4FF0A04203F5E0730C2142F852
:105BE0002310044608B1FDF7CFFE20460AB010BDD1
:105BF0000024F400D6490020D94A0020155B030098
:105C0000F0B5124B124DDFF84CC0064600241F8839
:105C10002A88BFB292B29742A0B206D919882A88C0
:105C200089B292B291420DD2F0BD8142F6D91A8862
:105C300092B21CF8022032551A88013292B21A80B0
:105C40000134E4E700221A802A80EDE7D4490020DD
:105C5000D64A0020D94B002038B504464518AC423E
:105C600001D1002005E014F8010BFEF729F8002807
:105C7000F5D038BD30B50C4D0A44914200D130BD4D
:105C800011F8013B83EA000404F00F0455F82440A6
:105C900084EA101080EA131303F00F0355F8233041
:105CA00083EA1010E9E700BFD04304000368013322
:105CB00004D04068431C5842584170470120704747
:105CC00010B50B6804689C4209D040684968884256
:105CD00005D08C4203D0181A18BF012010BD002037
:105CE000FCE740F30903B3F1FF3F08BF0130C0F305
:105CF00009000430704710B5031F0439083053F809
:105D0000042F51F8044F834282EA04021A60F6D14C
:105D100010BD036833B9426822B98068B0FA80F0D8
:105D2000400970470020704708B503681B0D13F445
:105D3000E06306D00430FFF7C3FFB0FA80F04009FB
:105D400008BD1846FCE700B97047884201D00068DA
:105D5000F9E701207047836E1A6A436DD31A19441C
:105D6000B1FBF2F302FB1311836D8B4210B50AD91C
:105D70004C09406E01F01F0150F8243001228A4086
:105D8000134340F82430002010BD0000174A036878
:105D900030B511F0805F164C83EA010518BF144638
:105DA00025420DD043F30904013409D001EA02046D
:105DB000104A1A4042F09F4242F4E002944203D15A
:105DC00000230360012030BD0A0D02F4E064B4F545
:105DD000806F09D1C3F38924C1F389218C4222BF8A
:105DE00052B203EB822303600020ECE700FCFF7F4C
:105DF00000FC0F7000FC0F00024608B50846FFF7D4
:105E000070FF136818441060002008BD0368013358
:105E1000036000207047836E1B6B10B5044613B9F6
:105E2000C0680AF04DFAA36E5B6B13B9E0690AF023
:105E300047FAA36E9B6B13B9606E0AF041FA00201B
:105E400010BD000008B5036BC3F3090242B9002975
:105E500006DA0A4B0A4A0B4841F24C110AF0F8F9EB
:105E60001944C1F30903003B18BF012321F000418D
:105E700041EAC3710163002008BD00BF1044040063
:105E8000C64C0400424404002DE9F04F89B0DDE91E
:105E900012A40392826E0693136A05905345DDE9BE
:105EA0001486894640F2AE80D269A319934200F26B
:105EB000A980069B013B07930EB930469FE0B9F1DC
:105EC000000F3DD0D9F800309A4539D1D9E90153B6
:105ED00005EB030BA34533D9A54211D8ABEB040B5B
:105EE000B345D9F80C1028BFB346651B40465A4647
:105EF00029440BF0E5FCD8445C44A6EB0B06DBE739
:105F00002D1BB54228BF3546039B1B689A451DD102
:105F1000039BD3E901130B449C4217D28C4211D34B
:105F20001B1B9D4228BF1D46039BDB68611A404630
:105F30002A4619440BF0C4FCA8442C44761BBBE74A
:105F40003546E1E7091B8D4228BF0D46059B986E3B
:105F5000069BB3421ED84369B4FBF3F203FB124223
:105F6000C2B99E4216D3B5FBF3F203FB1253A5EB65
:105F7000030BCDF800B00493436822461F465146F8
:105F80004346B84700283AD1049B5B1BD8445C4485
:105F90001E4491E7036A9A4505D31C4B1C4A6B21AA
:105FA0001C480AF055F94169039B039DC3F800A002
:105FB000B4FBF1F301FB1343E21A6A60079D0D4441
:105FC0002544B5FBF1FC01FB1C516D1AC1691B1B7B
:105FD0008D4294BF5B195B18816A8B4228BF0B46C8
:105FE00003998B600093CB6845685146A847002809
:105FF00003DD094B064A7621D2E73FF45DAF09B0D5
:10600000BDE8F08F6FF05300F9E700BF354704009B
:10601000174D0400424404006C4404002DE9F04F85
:106020009A46D1E9038387B006463C300F46059374
:10603000FFF77AFE9146C2F3892B00287BD0BBF193
:10604000000F7AD0F36B3E4CC3F38922CAF3892345
:106050009A4288BF0024059D2846FFF742FE031D93
:10606000434534D80423A8EB0008039305ABCDE9DE
:1060700001833B6800933246042300213046FFF73A
:1060800003FF30BB059B1BBA6B4023F00043059315
:10609000BBF1000F23D02A0D02F4E063B3F5806F4B
:1060A0001DD1AAEB0403C3F38920C5F389218842DB
:1060B00015D323F07F4323F4700323F47F7323F07D
:1060C000030343F0804343F48013AB4204D16FF0E9
:1060D000010007B0BDE8F08F52B204EB8224AAEBB6
:1060E0000401694011EA0901B5D145F309030133FF
:1060F000EDD0129BC5F30909994528BF9946119B1C
:106100000293109BCDF80C900433434401933B68F9
:10611000009332464B463046FFF7B6FE0028D8D1F2
:10612000129BA3EB0902119B014603EB09000BF044
:106130009FFA6019CDE704468DE75C468BE700BF08
:1061400000FCFFFF1FB5C3F309040294069C0194F1
:1061500000240094FFF762FF04B010BD30B587B093
:1061600003AD094B00951446084AFFF7EBFF0028E2
:1061700004DA831C08BF002007B030BD2046294642
:10618000FFF7B9FD0020F7E70C00F07F0000F07F7B
:1061900030B5016887B0044604AD08208B6E0390CB
:1061A000029550680190126800920A46DB6910312E
:1061B0001046FFF769FE30B9211D2846FFF780FD24
:1061C000003818BF012007B030BD00002DE9F04FA6
:1061D00093B0154609931368826E126A934207467C
:1061E0000C4680F0E58169688A4240F2E181002135
:1061F0004FF004080CAACDE901120093CDF80C80F1
:1062000043460246CDE90C11FFF73EFE064618B1A3
:1062100010F1540F40F0A881CDF80C800DAB4FF079
:1062200000080293CDF804806B6800933A4604237B
:1062300041463846FFF728FE0D9B064600284CD005
:1062400010F1540F40F09081414655F82130236001
:1062500081F00103089355F82330636012AB03EB20
:1062600081014FF0FF3651F8183CA3600023E36032
:1062700002230793B04A92E803000EAB83E80300C1
:10628000042204F108014FF0FF30FFF7F3FC002374
:10629000CDE905330A90B0464FF0FF3A9B46504691
:1062A000FFF71FFD0BAA8344CDE901B2BB6E226844
:1062B00000924FF00409CDF80C90DB693A460021BA
:1062C0003846FFF7E1FD054688B115F1540F40F05F
:1062D0004A814FF00003A3752BE00C9A9B1A002B08
:1062E000D4BF00210121B0E701230793C2E70A9838
:1062F0004A460BA9FFF7BEFC0B9B0A901BBA8AEA21
:106300000303002B04930B933DDA4FEA1A5A0AF465
:10631000E06ABAF5A06FE36808D1BA6E9269B3FB80
:10632000F2F102FB1133B3FA83F56D0905F00105B3
:10633000A575E368002B00F02381214607F13C009E
:10634000FFF7F2FC48B1FB6BC6F38922C3F3892344
:106350009A4240F00D8146F000461D9B3BB1A28A57
:10636000C6F38923934228BF13461D9A1380002E3B
:1063700080F2FA80A38AC6F38926B3428CBF6FF0FD
:1063800001060026F0E00498FFF7ABFCBB6EDB696A
:10639000584498429DD8049A2168120D02F4E06294
:1063A000B2F5A06F40F0848010AA02920BF10402B3
:1063B000CDE90012CDF80C9029463A463846FFF751
:1063C00063FD0546002880D1109A0A9B9A4280D12D
:1063D0000B9B049AF86A1B0D82EAC3730AA94A460A
:1063E0000493FFF747FCF8620B98FFF77AFC049BD5
:1063F0002361059BA3820E9BA3610F9BE361069B18
:10640000E37558444FF0FF330A93E0604346464635
:10641000DDF810A0984642E70A9801225146FFF79E
:1064200029FC09F101090A900B98FFF75AFC48452D
:10643000236817D90121CDE902A109EB0B01CDE9B0
:106440000031BA6E0021D36938463A46FFF71CFD89
:1064500005460028E0D010F1540F40F084804FF042
:106460000003A3750B9B20681A0D12F4E06122D182
:10647000059AC3F389239A4201D8013305931C9AE4
:106480000B99236881EA0209099A19EA02094FD196
:1064900010930BF10403119310AADDE91E30984705
:1064A000051E42DA15F1540F5DD184F8169040E7CD
:1064B0000DF1400AB8E7B1F5806F1DD1059851B2D2
:1064C00040FA82F292B205921C4A08EA020242F0B5
:1064D0009F4242F4E002934202D148F00048CEE7E6
:1064E000B8F1FF3FCBD0C3F38923C8F3892293428D
:1064F000C5D808EB8128C2E7B1F5C06FBFD102F063
:106500000103082203920EAA02920BF10402CDE9C4
:1065100000020693BB6E3A46DB6900213846FFF75E
:10652000B3FC05460028AAD0CFE60B9B08D19846BD
:106530004346B0466BE700BF584C040000FC0F0018
:106540001D4988EA03020A420AD0022DF0D1C8F39D
:106550008922C3F389218A42EAD343F00048E7E75E
:106560004FF0FF38E4E72E46304613B0BDE8F08F19
:10657000711C3FF4F2AE9A4288BFA6F58066ECE645
:10658000089912A800EB8101D4E9002351F8181CE6
:10659000A16007990129C4E900327FF4A5AE07493B
:1065A0000748CDE9002107494FF499620AF066FDDA
:1065B0006FF05306D8E700BF00FCFF7F8749040057
:1065C00077440400424404002DE9F04701230025EC
:1065D000C2E90653DFF86080DFF86090DFF860A062
:1065E00088B006460F46144604F118021046FFF71D
:1065F0005DFB10B16FF0010018E0B36E1B6AB5EBE4
:10660000530F16D23B6806937B68079305ABCDE921
:106610000283CDE900905346214630460135059668
:10662000FFF7D4FD0028DFD0831CDDD008B0BDE823
:10663000F0876FF05300F9E7916103000800002034
:10664000FF03F07F1FB50023CDE9023301934FF024
:10665000FF330093FFF7BAFD05B05DF804FB2DE9A9
:10666000F04101230024C2E9064306468846154648
:1066700002F118073846FFF719FB10B16FF001005F
:1066800011E0B36E1B6AB4EB530F0ED2414638468D
:106690000134FFF715FB30B13A4629463046FFF783
:1066A000D1FF0028E6D0BDE8F0816FF05300FAE793
:1066B0002DE9F04F8DB01668069280460C46059382
:1066C0001BB1059A40F2FF331380D8F82030A36144
:1066D000DFF83491D8F82430464DE361294630463E
:1066E0000AF0ECFF37188346294638460AF0D5FFF2
:1066F0000128049007EB000A05D116F80B202E2A7A
:106700000BD15646EAE7049B022B06D13A491A46BA
:1067100038460AF09DFF0028F3D056464FF0010B93
:10672000294650460AF0CAFF8244294650460AF0DC
:10673000B4FF024690B102280CD107902E49504672
:106740000AF086FF079A28B9BBF1010B04D10AF1C0
:106750000206C3E70BF1010B9244E1E73A78002A05
:1067600040D0069B4FEA1952022A1F603ED1C9F35E
:10677000892340F2FF32934204F1180A25D10DF12A
:10678000240B2F2138460AF07BFF049A059B0B92BD
:1067900000281A4ACDF80CB018BF0023CDE9013209
:1067A000049B009352464FF0F04321464046CDE90A
:1067B0000987FFF70BFDB0F1000913DB8ED1E37DF4
:1067C000002BDED16FF001090CE00D4ACDF800A0DE
:1067D00042EA832321460B4A4046FFF7B3FCB0F15F
:1067E0000009CCDA48460DB0BDE8F08F6FF0130910
:1067F000F8E700BF75440400AC440400E76B0300F5
:106800000800002000FC0F7000FC2F002DE9F04F65
:106810002DED028BABB00026059308EE100ABDF8F3
:10682000E830BDF8E4B0BDF9EC9006938A46B04676
:106830000598FFF756FADAF80C3087189F4236D2DF
:1068400009AACDE9017204230393DAF8002000922B
:1068500018EE100A18EE102A0021FFF715FB002889
:1068600040F02081099B059A1BBA5A4042F0004330
:1068700005930993DAF800300A933B1D0B930AAD98
:106880000999389B81EA08021A40894B1A4054D171
:10689000389BC3F38923002B00F0AA80022E16D95F
:1068A000844B854A854840F24E3109F0D1FC379B34
:1068B000002B40F3F580369B1B680993369B5D687F
:1068C00008333693379B013B37931746D8E73C2470
:1068D000744304F1A8036B44059843F8700C369890
:1068E00043F86C0C379843F8680C389823F85CBC74
:1068F00043E91908069823F85A0C3C9843F8540CBD
:106900003D9823F8589C43E91401DDE90A0143F856
:10691000485C43E91EA7443B83E8030004F1A80355
:106920000DEB0304A4F14C033D93654B3892013603
:1069300090463C939146069293463A4678E7B2F5E4
:10694000817F1CD10024099BC3F309029442F4D235
:10695000A9686A68C3F389234B4441EA83212B78F1
:1069600003F5407341EA0351DDE93C3098470028C4
:10697000C0F2988005F10C05DFD10134E3E703EBA9
:1069800089212A46DDE93C3098470028C0F28A80F8
:10699000D3D0002E00F086802AAA013E3C2303FBC0
:1069A000062353E9110153F8702C059253F86C2C0F
:1069B000369253F8682C379253F8642C389233F897
:1069C0005A2C069253F8542C3C9253F8502C3D927A
:1069D00053F84C2C09920AAA53E91EA782E8030037
:1069E00053F8608C33F85CBC33F9589C53F8485C1E
:1069F000389A099BC2F3892232B1C3F389225A45DE
:106A00009BD306998A4298D2C3F30A52002A94D0A3
:106A100040F201118A4292D1294A07933C9B93424A
:106A20008BD03C222AAB02FB06340021A4F1780073
:106A30000AF01EFE059B44F8703C369B44F86C3C03
:106A4000379B44F8683C389B24F85CBC44E919380F
:106A5000069B24F85A3C3C9B44F8543C3D9B44F82C
:106A6000503C079B24F8589CC3F3090BC3F38923BC
:106A70000BF10102A3EB0B034B440692114A0FFAF0
:106A800083F90023CDE9373236934FF0FF3344E9E1
:106A90001EA70136AA464FF00058059300274CE781
:106AA000002076E72BB0BDEC028BBDE8F08F00BF75
:106AB0000000F07FAF4404009C4C040042440400FA
:106AC0008D5D030000FC0F602DE9F04F87B0DDE91C
:106AD000114A1546826E139ED2698946A1199142C8
:106AE00007464AD8DFF898B003F1FF380EB93046B0
:106AF00040E02B68E868023316D1D5E901120A4458
:106B0000944211D28C420FD3121BB242A4EB01016A
:106B100028BF32460144504605920AF0D1FE059A3C
:106B200092441444B61AE1E7D7F868C0DCF81410B0
:106B3000B4FBF1F26FF001032B6008EB0103234477
:106B400001FB1242B3FBF1FE01FB1E315B1ADCF8C4
:106B500028108B4228BF0B46A21ACDE901036A60B8
:106B6000AB600092109B5A4649463846FFF756FAEA
:106B70000028BBDA07B0BDE8F08F6FF05300F9E7EB
:106B800000FCF7FF2DE9F04F87B08046129E894642
:106B900017469A4600240DF1100BA64201D800209A
:106BA0001AE0351B109B082D28BF0825E318CDE9F6
:106BB00000A3CDE902B53B1B4A4600214046FFF742
:106BC00063F948B9119B2A46191958460AF040FD45
:106BD000002804D005DB022007B0BDE8F08F2C446C
:106BE000DBE70120F8E77FB5066804468068636844
:106BF0000193C1F30905A84228BF284602905368B3
:106C000000931368314602463046FFF7BBFF28B9B0
:106C1000A368AB4202D02CBF0220012004B070BD9B
:106C2000F8B5C6690D68083EB5420F4613D3B5FBEB
:106C3000F6F0013809F092F9841CA5EB8404B4FB4A
:106C4000F6F4204609F08AF9A5EB800004FB160053
:106C500038602046F8BD0020FCE72DE9F04F89B0F0
:106C60000746DDF84C90059288464BB94FF0FF324D
:106C7000C9F80020149A0020136009B0BDE8F08F15
:106C8000846E013B07A920460793FFF7C9FF12A9AD
:106C900005462046FFF7C4FF4FF0040A06460DF1F3
:106CA000140BAE42059A03D3129BC9F80020E1E70A
:106CB000AC1BB4FA84F495FAA5F3B3FA83F3C4F1E8
:106CC0001F049C4228BF1C46A300CDE90023CDE948
:106CD00002BA0423424600213846FFF7D5F80028BF
:106CE000CBD10123A340ED1ADBE700002DE9F04FE3
:106CF000CE6A90464A6BB24285B007460C465CD2DB
:106D0000B61A9E4228BF1E46DFF8B4B0B14601F164
:106D1000400AB9F1000F01D1304618E0226B51034F
:106D200004D5BB6EE16BDB6999421BD1D202636B68
:106D300010D404F13C02029204F13802CDE9003291
:106D40005146D4E90A233846FFF787FF30B105B032
:106D5000BDE8F08F6FF00102C4E90E23236B43F40A
:106D600080232363BB6EE26BDB69216B01929D1A6A
:106D70004D4528BF4D4611F48011CDE9028515D04F
:106D8000A2884BEA8222009204F10801524638465A
:106D9000FFF79AFE0028DAD1636B2B446363E36B41
:106DA0002B44E363A844A9EB0509B2E7A26B009268
:106DB00038465246FFF768F8ECE70020C7E700BF07
:106DC000000010202DE9F04F89B09046129ADDF8AE
:106DD00050A006460F469946A2B3013A806E05922E
:106DE00005A9FFF71DFF0DF1180B0446139B49463B
:106DF00050469847024628BB24B304F00105C5F16C
:106E000002018B00CDE900904246CDE902B339463C
:106E10003046FFF739F80246A0B9E34303F0010911
:106E2000914507DC08AB03EB8903023D53F8089C4E
:106E30002C44DBE70699139B504698470122002813
:106E4000EED00246104609B0BDE8F08F2DE9F04FB4
:106E500091B004460D46164600211C2208A8059351
:106E6000DFF82891DFF828A10AF002FC01230F9334
:106E70004FF000080EA8FEF719FF20B1A76A002FF7
:106E800054D1384640E0A36E1B6AB8EB530F7AD258
:106E90000E99304608F10108A847002834D10F990F
:106EA0003046A84780BB0EAA08A92046FFF7CAFBB8
:106EB00050BB07460DF1180BBDF83420BBB29A4207
:106EC000D8D9BBB2CDF800B049EA8323524608A90D
:106ED0002046FFF737F9002803DA831C14D1013765
:106EE000EAE740F20222B2EB105F4FEA10530ED1F4
:106EF000079B0093CDE90156069B224600212046C0
:106F0000FFF760FF0028EAD011B0BDE8F08F059AC6
:106F1000002AE4D0B3F5007FE1D106993046A847B6
:106F20000028F1D107993046A847EBE7BB79012B40
:106F300001D03F68A3E73B6B03F48813B3F5803FB0
:106F400013D03B6B03F49013B3F5003FF1D1CDE9BF
:106F500001567B6B0093BB6B224607F14001204634
:106F6000FFF730FF0028E4D0CEE7CDE90156FB6AF9
:106F70000093BB6A224607F140012046FFF722FF3B
:106F80000028DED0C0E76FF05300BDE70800002006
:106F900000FC0F7007B500230449019301AAFFF715
:106FA00055FF00B9019803B05DF804FB0D5E0300C6
:106FB000026A8A4208B505D8074B084AFF210848EB
:106FC00009F046F9C3689847002804DD054B034AD9
:106FD00040F20111F3E708BD35470400F24C04000C
:106FE000424404006C44040010B50C46826AE06818
:106FF000FF210AF03DFB4FF0FF33236010BD00007E
:1070000070B50D4681664969044631B9644B654ADD
:1070100040F64671644809F01BF9AA6922B9634B2E
:10702000604A40F64771F5E7AE6A26B9604B5D4AA3
:1070300040F64871EEE7B6FBF1F301FB136323B1B1
:107040005C4B584A40F64C71E4E7B6FBF2F302FBA6
:10705000136323B1584B534A40F64D71DAE7EA699E
:10706000B2FBF6F306FB132323B1544B4D4A40F613
:107070004E71CFE7A2F108014FF0FF33B3FBF1F3FC
:10708000013BB3FA83F3C3F12003B2EB830F04D2C5
:107090004B4B444A40F65171BCE76B6A23B9494BEC
:1070A000404A40F65A71B5E72B6BA3B1C3606B6BD6
:1070B000EBB1E36128462146FFF796FFA06E04F18D
:1070C0001001FFF791FFA56EE86AB8B93E4B354A4B
:1070D00040F678719EE7304609F0EAF8E060002853
:1070E000E5D12046FEF797FE6FF00B0057E03046E3
:1070F00009F0DEF8E0610028DCD1F2E7410702D1B7
:10710000AB6B9A0704D0314B264A40F6797181E780
:1071100043B16366EB6BFF2B0AD92D4B214A40F636
:10712000867177E709F0C4F860660028F2D1D8E7E5
:10713000002B08BFFF23E3662B6C002B04DA254BE2
:10714000184A40F68C7165E708BF6FF0004323676B
:107150006B6C40F2FE32934204D91F4B114A40F649
:10716000927157E7002B08BF13466367AA6CEB695F
:107170009A4204D9194B0B4A40F698714AE700200D
:107180004FF0FF33C4E90833C4E90A00C4E90F0033
:10719000C4E90C00C4E912006064A063206570BDFE
:1071A000B6440400234D040042440400CF440400CC
:1071B000E84404000245040032450400624504002E
:1071C00093450400DF450400FB4504001846040015
:1071D0006C46040086460400A7460400C24604002C
:1071E0002DE9F0430E4609689946CB1C85B0074649
:1071F00090463ED8806E036A994205D31F4B204AC1
:107200009E21204809F024F88269B4681444013CA6
:10721000B4FBF2F302FB1343E41A00948568F368AD
:107220007268A847051E03DD174B154AA221E8E73F
:1072300006D1B9F1000F07D1B86E3146FFF7D4FE81
:10724000284605B0BDE8F0834FF0FF33C8F80030A2
:10725000F3680193736800930294336822464146B1
:107260003846FFF78FFC002805DBE5D06FF05305AB
:10727000E6E70025E4E70546E2E700BFF146040043
:10728000D94C0400424404006C4404002DE9F74F3B
:10729000DDE90C8518F1020F9146DDE90EB7826E2B
:1072A00006460C469A4608D0136A434505D82A4B31
:1072B0002A4AD3212A4808F0CBFFD269EB1993421E
:1072C00030D9284B254AD421F4E7236843452FD1F0
:1072D0006068A8422CD8B26E926A0244AA4227D9AA
:1072E000521BE368BA42A5EB000028BF3A46594654
:1072F000184401920AF0E4FA019A63681544934431
:10730000BF1AA268EB1A934238BF1346B26EA3604D
:10731000926A9A4206D153464A4621463046FFF7C2
:107320005FFF10B9002FD0D1384603B0BDE8F08F11
:10733000013303D00C4B094AF121BBE7B36EC4F80B
:1073400000809A69B5FBF2F302FB1353EB1A6360FA
:107350000023A360E6E700BF17470400E64C0400E3
:10736000424404005347040076470400F0B585B05A
:10737000CDE902231D464B6801930B6800930C4630
:1073800017460023024600F11001FFF77FFF064673
:1073900040B9E0682A463946FEF76CFC6368E06055
:1073A0002B446360304605B0F0BD2DE9F04F074631
:1073B00087B010469946FEF794FC4B6890464A69A0
:1073C000034493420C46054644D88B6828F0004A93
:1073D0008AEA03031BBA059305AA04233846FFF77C
:1073E000C5FF064668B9B8F1000FA5F104050CDB2E
:1073F0002B464A4621463846FFF7B8FF40BBC4F843
:1074000008A0304607B0BDE8F08FA8460DF1130B79
:10741000A5EB0803B8F1000FF1D00122CDE902B2CB
:10742000D9F8042013440193D9F8003000933A4668
:10743000434600213846FEF727FD48B901235A4646
:1074400021463846FFF792FF08F1FF380028DFD0C9
:107450000646D6E76FF01B06D3E713460A46D0E987
:107460000001FFF7A2BF0000836E2DE9F04F9A697B
:107470004E6816440736B6FBF2F302FB13638DB079
:10748000F61A0023CDE90533A6F1080307460D4699
:1074900040F2FE3B07936B68B34218D339464FF076
:1074A000FF3341F8103B3A4600233846FFF798FE79
:1074B0000446002840F0BE80B86E03699847041E59
:1074C0006EDD604B604A6148C82108F0C1FE03F1DF
:1074D000040AA6EB0A035B4594BF0AEB03080AEB18
:1074E0000B08B04503D2079B984528BF98464FF03C
:1074F000FF3309AACDE9018209932A680092042387
:1075000003933A4600213846FEF7BEFC044618B104
:1075100010F1540F40F08E80099BE8681BBA6FEAA7
:1075200003094FEAD97202F5A062A8EB0A0343EA05
:10753000025343F47F23AA6843F440630AAC0993DF
:1075400053401BBA214604220A93FEF793FB0823FB
:10755000CDE902436B6801932B68E8600B900093C0
:107560003A46002307F110013846FFF78FFE044624
:1075700000285FD1059B69681BB90B1D0593EB685B
:107580000693099AC2F3090304330B4409F0004936
:107590006B6089EA02024FF0FF33AA60EB607AE782
:1075A00048D1D5F81080DDF814A0B04542D20AF1D8
:1075B00004034FF0FF3907930DF1280B1DE0059BE5
:1075C000434502D1069B4B4531D10123CDE902B39E
:1075D0002B680093079BCDF80480A3EB08033A4681
:1075E00000213846FEF750FC18BB48460122594698
:1075F000FEF740FB08F101088146079B4345DED8B2
:10760000B9F1000F1AD1A6EB0A0240F2FE339A42FA
:1076100094BF0AEB02080AEB0308B04504D2A6F1B6
:107620000803984528BF984608F1040ABDE76FF0A3
:107630005300044620460DB0BDE8F08F6FF05304B0
:10764000F8E700BF6C440400904C0400424404007E
:107650002DE9F341364E04460D460127A36DD4E9CA
:10766000170198420ED1626D134400293AD1314A74
:1076700000923149314840F2472209F0FFFC6FF097
:107680001B0026E0421CE2650139626E21664FEA6A
:10769000501C00F01F0152F82CC007FA01F111EA4A
:1076A0000C0FDCD1A16E636D096A0344B3FBF1F0EA
:1076B00001FB10332B60A66D0125E36DB34234D07E
:1076C000590903F01F0052F8211005FA00F0084094
:1076D00002D102B0BDE8F0810133E365236E013BC6
:1076E0002366EAE7A26E106AD26AB3FBF0FC00FBE5
:1076F0001C3363654FF00008D3008B4294BFA36531
:10770000A165606EC4F85C80414609F0B1FF0123B9
:10771000224631462046FFF799FB00289ED0A36EF3
:107720001B6A2366C4E91688D3E70020D1E700BFAF
:10773000575D030087490400424404009947040050
:107740007FB50C4604310646FFF782FF054680BB35
:1077500021463046FFF77CFF054650BB22460423F6
:1077600042F8080FCDE902232268019000920146F9
:1077700032463046FEF788FB10B110F1540F1BD192
:10778000B36E5A6A002A0BDDA368013242F001028F
:10779000013B1344B3FBF2F102FB11329B1AA360CD
:1077A0004FF0FF330422C4E903230022C4E9052378
:1077B000E361284604B070BD0546FAE72DE9F04FB5
:1077C000044687B00D4605A92046FFF741FF06464F
:1077D00058B9DDF81480A06E4146FFF7E9FB064674
:1077E000002853D010F1540F56D0304607B0BDE8F2
:1077F000F08F2A6BCDF80C900DF1130A12F4801F54
:10780000CDE9017AA3EB07031CD02A49AA8841EAF3
:107810008222009205F108015A462046FFF754F9EA
:1078200070B9CDE902A9CDE900870123224604F110
:1078300010012046FFF72AFD60B110F1540F2BD044
:107840000646D2E7AA6B0092594622462046FEF72A
:107850001BFBE5E70137EB6BBB42CAD8A36EE169BE
:107860009A6AE86C0AF02CF823692B6463696B64EC
:10787000A369AB64A06E04F11001FFF7B5FB2B6B9D
:10788000C5F8388043F400332B63AEE7074605F1B3
:10789000400B4FF00109DEE7074B0093074908480A
:1078A00043464FF4416209F0E9FB4FF0FF33236197
:1078B00089E700BF0000102087490400424404000B
:1078C000C04704002DE9F04F91B0CDE907230B6BC1
:1078D0000D46D902064623D5089B6C6BB16EE018A5
:1078E000EB6A8A6A984238BF18468B6CF3B140F253
:1078F000FE37BA424FEAD30328BF3A46934228BF25
:10790000134683420CD20B6AEC6329463366304639
:10791000FFF754FF2B6B044660BB23F480132B63EB
:10792000089B0593059B1BB9089C26E0CB69DEE705
:107930002A6B12F4003104D0B36EE86BDB69984215
:1079400053D1D2026B6B00F1E88005F1400AE1B936
:10795000DBB105F13C020292013B05F138020192D4
:1079600000935146D5E90A233046FFF776F90446DD
:1079700038B12B6B43F400232B63204611B0BDE8D4
:10798000F08FB06E5146FFF72FFBB36E1B6A336664
:10799000AB6B09936B6B06930DA93046FFF758FE4E
:1079A00004460028E5D1DDF83480B06E4146FFF78B
:1079B000FFFA044678B114F1540FDAD1614B009309
:1079C00061496248434640F6DA2209F057FB4FF01E
:1079D000FF332B64E0E7069BB76E63BBC5F83880C6
:1079E000EB632B6B43F400332B63B36EDF69EB6BFC
:1079F000FF1A059B9F4228BF1F4605F14008079BC1
:107A00000293EB6B0193AB6B009303970123324618
:107A100041463046FFF73AFC0446002800F08180DA
:107A200010F1540FA5D129463046FFF7C7FE044692
:107A30000028E4D09DE7069B0EA9013B38460E9333
:107A4000FFF7EEF80E9BFA69013393420E934FD184
:107A5000013090FAA0F3B3FA83F30A9303F1010B18
:107A6000099B0F93A1460FAF4FEA89030B930423A1
:107A7000CDE902730B9B3246CDE9008351460123C9
:107A80003046FFF703FC0F9B0446002893D10A9A67
:107A90004A4532D109F10109CB45E5D8C5F838800E
:107AA0004FEA8B039CE7099A0092CDE9027BCDF85F
:107AB0000490A3EB0903324600213046FEF7E4F9B7
:107AC000044600287FF455AFCDE9027BCDE900895B
:107AD0000123324651463046FFF7D8FB04460028C2
:107AE0007FF469AF09F101090E9B4B45DBD875E7BF
:107AF000A1464FF0010B0FAFF6E70422CDE9027269
:107B00000B9A0146CDE90032304604233246FEF797
:107B1000BBF904460028BDD02BE76FF00102AA6331
:107B20005EE76B6B3B446B63EB6B3B44EB63079B28
:107B30003B440793059BDB1B0593B36E1B6A3366BF
:107B4000F0E600BF8749040042440400C047040037
:107B50002DE9F0430B6B0C46590399B0054608D547
:107B6000DA0258BF4FF0FF3223F4802358BF22645B
:107B70002363216B11F4003039D011F48011666B4E
:107B8000E76A4ED1542203A809F072FDA36ACDE939
:107B90000D370123CDE90F3695E80F0013AF87E8C5
:107BA0000F004FF0FF372F60626BE36A9A4221D3D8
:107BB000DFF89490DFF89480224F01232A4604F1E5
:107BC00040012846FFF70CFB78B310F1540F0ED19B
:107BD0004146A36BCDF8009040F65F42384609F06D
:107BE0004DFA21462846FFF7E9FD0028E5D019B0F7
:107BF000BDE8F08301230DF10B0203A92846FFF72E
:107C000075F80028F3DB01230DF10B02214628460D
:107C1000FFF758FE0028EADB2B680133C4D0139726
:107C2000C1E7BE422CBF66636763A36BA362636B4D
:107C3000E362236B23F4003343F48033C4E90C364E
:107C40000020D4E7C04704008749040042440400F0
:107C50002DE9F7431E460B6B17469A0705460C465F
:107C600006D4234B234A244840F6555108F0F0FA35
:107C70005A0319D4216B0B051DD4D4F834802B6F13
:107C800008EB06029A422FD811F4003919D0334676
:107C90003A4621462846FFF715FE002808DB236BED
:107CA00023F40023236303E0FFF752FF0028E1D011
:107CB00003B0BDE8F083E36A626B9A4238BF636346
:107CC000DBE7E36A9845E2D9636301230DF107021C
:107CD000214628468DF80790FFF7F4FD0028E7DBE2
:107CE000636B9845F1D8D2E76FF01A00E0E700BF68
:107CF000E34704002C4D0400424404002DE9F04FFA
:107D000099B0CDE90923836EBDF88C805A6A8B68DF
:107D1000BDF890B0002A04460D4603F1010337DD9B
:107D2000013242F00102B3FBF2F102FB1132AB600F
:107D3000002A2ED1012612A9284612921396FDF789
:107D4000BFFF40BB0027A06E6968129100234FF06F
:107D5000FF32CDE91332CDE91523836C002B37D0E8
:107D6000083B1793FFF724F9002833D010F1540F84
:107D700040F0C7804FF0FF3323617EB96A4B009318
:107D80006A496B686A4840F25A7209F077F905E06F
:107D90008B600026D6E74FF0FF3323614FF00009D8
:107DA000012712A92846CDE91297FDF789FF00287F
:107DB00040F0AA805C4B00935C496B685D4840F2E0
:107DC0005F7209F05BF96FF01B009AE00646BAE7B4
:107DD000C369C5E70DF14809042305F108024946C6
:107DE0002046FFF7C3FA0028C0D10DAB0793524BD2
:107DF0000693C8F100031BB2CDE904B34F4B0293C5
:107E00000A9B0193099B009302462299CDF80C80AE
:107E10004FF0FF332046CDE90D49FEF7F7FC00286F
:107E2000A4D105F1180318460B93FDF73FFF0B9BF8
:107E300058B9EA7D424902F5C06241EA0252204641
:107E40004946FFF7B2FA002890D10023CDE90F335D
:107E500011934FB904F13C010FA8FDF74CFF04F159
:107E600030010FA8FDF747FF04F1480A51460FA85B
:107E7000FDF741FF0F9B23F47F7323F003030FAA49
:107E8000294620460F93FEF769F9002839D10FA83B
:107E9000FDF73FFF40B92B4A0FAB49462046FFF79D
:107EA00084FA00287FF462AF49462046FFF7DCFAE7
:107EB00000287FF45BAFA36E139A9969B2FBF1F3CC
:107EC00001FB132333B1204B204A18484FF4E961DA
:107ED00008F0BEF9D5E90010EA60ABEB0808149A87
:107EE000A5F81480C5E900012A61A364CAE9013339
:107EF00037B904F13C03303494E8070083E8070005
:107F0000384619B0BDE8F08F291D2046FFF7A0FBC9
:107F100000283FF45BAF10F11C0FF2D1002EF0D01F
:107F200037464E460FE700BF87490400424404002D
:107F3000C0470400364804005B74030000FC0F4097
:107F400008FC0F000CFCFF7F10480400804C04006C
:107F50002DE9F0418EB00C4606A9CDE90432BDF8FA
:107F600054700546FFF7ECFB064628BBE17D8DF813
:107F70002F10A1690C91E1690D91BDF85810CDE960
:107F8000017114990091DDE9043206A92846FFF732
:107F9000B5FE002814DBDDF81880079AC4F81880B5
:107FA0000123E261E37505F120012046FDF788FE1B
:107FB00010B90FB9C5E9088230460EB0BDE8F081AE
:107FC0000646F9E72DE9F04F97B01F46DDF88480AB
:107FD0000992002306460D46184640F2014A40F237
:107FE000FF4C07F1040E209A934240F0898000284C
:107FF00040F0B080AB7D002B40F0CD804FF0FF33E0
:10800000B5F8149033614FF00008C346A9EB080A95
:10801000BAF1010F00F27081B8F1000F1CD01FFA05
:1080200088F8CDE90189209B00953A4629463046DB
:10803000FFF78EFF0446002800F0458110F11C0F69
:108040005AD1A24B01936B680093A1492B68A148B8
:1080500040F2A97209F012F8B36E5A6A002A3FDDA5
:10806000AB680132013342F00102B3FBF2F102FBD3
:108070001133002B34D1109310A9012328461193FA
:10808000FDF71EFE804658BB3046FEF783FF041EF8
:1080900076DBB36E1B6AB4EB530F21D2DFF82CA250
:1080A000AB688B498C48CDF800A040F2BD7208F057
:1080B000E5FFCDE90189209B00953A4629463046E7
:1080C000FFF746FF0446002800F0518110F11C0F15
:1080D00012D17F498148534640F2C77208F0CEFF63
:1080E0000023CDE90053CDF80890209B3A4629465D
:1080F0003046FFF703FE0446002C80F2CA803FE0C2
:1081000057F833100A0DC1F30A51514504D1AA8A18
:108110000132AA82013366E761450CD1AA8A32B9DD
:108120006F4B704A40F2DF71694808F091F8013AEC
:10813000AA820120EEE702F4E069B9F5C06FE9D147
:108140005EF833100C68AC614968E96102F0010225
:10815000EA75DFE7AB8A002B7FF44CAFB8F1000F74
:1081600004D1614B5F4A40F2EC71DDE7424629469B
:108170003046FEF774FA044630B1831C3FF43AAF40
:10818000204617B0BDE8F08F98F81730002B3FF469
:1081900031AF02247DE0EA68B06E2B6810934FF097
:1081A000FF31CDE91312816C2B691192129301B347
:1081B000083915910BA907914C4906910021CDE989
:1081C0000411CDE9021120990B96CDE900710DF152
:1081D000400B29463046CDF830B0FEF717FB044679
:1081E00048B114F11C0F3FF409AF14F1540FC7D17B
:1081F00004E7C169DCE706F13009CDE90D000F9015
:1082000049460DA806F13C08FDF775FD06F1480A40
:1082100041460DA8FDF76FFD0DA85146FDF76BFD1A
:108220000D9B23F47F7323F003030DA80D93FDF73B
:1082300070FD80B90DAA29463046FDF78FFF044630
:1082400000289DD12A4A0DAB59463046FFF7ADF8BC
:1082500004460028C5D159463046FFF705F90446C3
:108260000028BED1B26E119B9169B3FBF1F201FB04
:10827000123222B11F4B1B4A40F6360154E799E8EF
:108280000700EB60129B2B6188E80700B464CAE921
:108290000144099BD6F828801B681093099B5B68F2
:1082A000119340F2FF4BB8F1000F3FF469AF08F1B2
:1082B000080910A94846FDF703FD8246002858D05A
:1082C000D8F80080EFE7C1469DE600BF874904006B
:1082D0004244040080480400AE480400DE48040024
:1082E0006C480400AD4C04007B4804005B74030040
:1082F0000CFCFF7F1048040010AB1FFA88F20793B4
:108300004A4B069353421BB2CDE90493484B029368
:10831000209B0392CDE9007300224FF0FF332946E2
:108320003046CDF840B0FEF771FA044600287FF4DD
:10833000E3AEBAF1FE0F15D8B36EDA69986CA2F10C
:10834000240190B142089869431E1344B3FBF0F234
:1083500000FB12329B1A8B42109A28BF0B469342A5
:10836000BFF45AAE08EB5A0850E65208EBE78146D4
:10837000B6E6AE46BEE80F00CC46ACE80F009EE87D
:108380000F008CE80F00099B994508D040F201408E
:108390004FF0FF31209AB8F80430924517D108F118
:1083A000200AB8F80430B8F81C20934288D398F813
:1083B0001F10002984D09B1AA8F804305246494661
:1083C0003046FEF73FF90028EBD00446D8E657F8D0
:1083D0003A20C2F30A5CDC4516D1C2F389229A42E4
:1083E00004D1C8E902110AF1010AD3E7FBD2013B2B
:1083F000A8F8043098F80630022BF4D1D8F82830C9
:10840000013BC8F82830EEE78445ECD1C2F389225D
:108410009A42E8D80133A8F8043098F80630022BC5
:10842000E1D1D8F828300133EBE700BFF95D030054
:1084300000FC0F402DE9F04F876A9FB004460E46BE
:1084400090469A46002F63D1336806933746736887
:1084500007930FCF0EAD0FC597E80F000DF1580928
:108460000EAF85E80F00CDE900A9434632463946F4
:108470002046FFF7A7FD051E75DB06A93046FDF770
:108480001FFC48B9BE46BEE80F00B446ACE80F007A
:108490009EE80F008CE80F00022D29D104F148025C
:1084A00031462046FDF75AFE054600285BD1169B53
:1084B000F27D0693179B0793AA4B019002F5C062C9
:1084C00043EA02530A930123009318360AAB06AA23
:1084D000494620460B96FFF775FD051E43DBCC464B
:1084E000BCE80F003E460FC69CE80F0086E80F0070
:1084F0000023DFF890A2DFF888B205932E46012E04
:1085000000F0A280059B002B14BF032500252AE064
:1085100007F10800B04201D13F6893E73146FDF70B
:10852000CFFB0028F8D1BB79012BF5D13B6BDA02E8
:10853000F2D5A36EF96A9A6A9142EDD97A6B1B6AF9
:10854000FA63394623662046FFF738F9054650B9E5
:108550003B6B23F480133B6339462046FFF7F8FA60
:1085600005460028D8D028461FB0BDE8F08F05F199
:10857000080106A8FDF7A4FB08B9C5E90262AB79BA
:10858000022B07D105F12C0106A8FDF799FB08B9CC
:10859000C5E90B622D6871E001212046FDF752FC10
:1085A0000646002840F0DC80494604F13000FDF723
:1085B000BBFB002800F08780266B179B0093C6F357
:1085C0008926169B684840F6ED02CDE9016A5946B6
:1085D00008F054FD226B654BA5631340C4E90C35CC
:1085E000C8F38923B34272D9A8F58062169B089319
:1085F000179B099340F2FF339E4218BF5C4B0D97C7
:1086000014BF43EA862300230A930023CDE90B32EB
:1086100001930223009308AA0AAB49462046FFF7BC
:10862000D1FC061EC0F29C80012E37D1089B069318
:10863000CC46099B0793BCE80F003D460FC59CE85C
:108640000F0085E80F0005960F9B02930E9B019388
:10865000079B00934FF40C62069B4648CDF80CA094
:10866000594608F00BFD04F1200106A8FDF728FB90
:10867000DDE90E6208B9C4E90862A56A002D7FF43D
:1086800076AF4A4606A92046FDF79EFFB0F10008E6
:1086900082DA18F1020F40F08D802E464A4606A974
:1086A0002046FDF7DCFF054698B1831C7FF45BAFE5
:1086B00018F1020F3FF423AF2F4B304A30484FF4EC
:1086C000116107F0C5FD424640F2FF368EE7424693
:1086D0008CE7236BC3F30903002B36D1494604F121
:1086E0003000FDF721FB00284ED140F2FF35169BEC
:1086F0000693179B079340F2FF339D4218BF1C4B14
:108700009DF86F2014BF43EA852300230A93154B7D
:1087100002F5C06243EA02530021CDE90C3702237F
:108720000B910191009306AA0AAB49462046FFF738
:1087300049FC061E14DBCC46BCE80F003D460FC5C5
:108740009CE80F0085E80F00D9E618F1020118BF78
:10875000012149422046FDF775FB06460028BDD0A1
:10876000354600E708FC0F0045490400FF03008080
:108770000000F04F0949040088490400FF4C040040
:108780004244040087490400256B179B0093C5F3FE
:108790008925169B084840F62112CDE9015A594611
:1087A00008F06CFC226B054B134023630023C4E9E3
:1087B0000D339CE74546D6E645490400FF0300809B
:1087C0002DE9F04F0446006BC0F30900A3B00F463B
:1087D000002800F0BA80DFF89491DFF894A100251A
:1087E0001C2200210AA808F043FFDFF8888101233A
:1087F0008DF83F30119310A8FDF758FA60B194F846
:108800003010A94228BF2946494249B2204623B028
:10881000BDE8F04FFDF716BB10AA12A92046FDF7E0
:1088200011FF002840F091809DF83F30002B40F070
:1088300081801AAA10A92046FDF7C6FE00282EDA6C
:10884000831C40F08280002F74D0119B404900931C
:1088500041F2A112109B3F48CDF8048008F00EFCB5
:1088600004F1480212A92046FDF778FC00286CD1DB
:108870009DF85F20384B02F5C06243EA025306932D
:1088800018AB0793012306AA0AA92046FFF7D2FDD9
:1088900000285ADB013503286DB2ACD1A0E704AE45
:1088A000034600964A461AA92046FDF74BFC0028CD
:1088B0004BDB0499109B0598119A994201D1824291
:1088C00038D08A4201D1984234D0CDE90021CDE997
:1088D00002081F49214841F2CA1208F0CFFB0AA939
:1088E00004F13000FDF720FA38B900230693002385
:1088F000CDE9073A09960223C5E7236B14491848C6
:10890000C3F3892B0B9B009341F2D5120A9BCDE94F
:1089100001B808F0B3FB226B124B13402363002312
:10892000C4E90D3340F2FF339B45DED00E4B43EAE2
:108930008B23DBE712AE0FCE0DF1280CACE80F0055
:1089400096E80F008CE80F0055E723B0BDE8F08FE4
:1089500042440400AD49040008FC0F00DA49040059
:108960001E4A0400FF0300800000F04F00FCFF7F60
:1089700008FC0F608749040010B50446FFF75AFD54
:10898000002806DB05D020460021BDE81040FFF797
:1089900017BF10BD30B5C36B1A0D12F4E06F8FB066
:1089A000044606D1012120460FB0BDE83040FFF754
:1089B00007BF174A0292C3F389230193436C0093C4
:1089C0000546144955F8403F134841F2661208F035
:1089D00055FB2A4606A92046FDF734FEA8B9E36BED
:1089E000216BA063C3F389220C4B0B40C4E90C300C
:1089F0000B4B43EA8223CDE9043004AA012306A9E4
:108A00002046FFF7B9FF0028CCD00FB030BD00BF23
:108A10008749040042440400654A0400FF030080C3
:108A20000000F04F70B50B6B1E0386B005460C4678
:108A300002D5002006B070BDFFF78AF8226B18B18E
:108A400042F400222263F5E7D103F2D504F10806CF
:108A50003046FDF72BF90028EBD1D3025DBFD4E9F6
:108A60000A016B46C3E90001E26AA1884BBFE36CCF
:108A7000082240F2012040F2022042EA812242EA2A
:108A80000052CDE90223226D936843EA812343F02B
:108A9000815304935368059302AA02233146284662
:108AA000FFF76AFF236B18B143F400232363C1E788
:108AB00023F48033FAE770B505460C46FFF7B2FFA2
:108AC000AB6A064605F128021BB19C42196808D121
:108AD0001160236D1B6813B9E06C07F0F1FB3046A1
:108AE00070BD1A460B46EFE72DE9F0478AB013F048
:108AF000020F06460D460392984634D1129B2B6511
:108B000005F1080700236B63EB63EB64C5F8308065
:108B10002B1D03AA39463046FDF7CAFD041E06DAAE
:108B2000A21C17D1AA8840F2FF339A4212D0012327
:108B3000AB71B36A2B60A31CB56259D118F4807F66
:108B400008D0039C204608F0C9FEF36E834213D27E
:108B50006FF023042B6B43F400232B63294630462C
:108B6000FFF7A9FF04E0FFF715FF04460028C5D072
:108B700020460AB0BDE8F087AB88654ADFF89881E7
:108B800042EA832240EA8320049240F480100022CB
:108B900048EA8323CDE90604CDE908320592032390
:108BA00004AA39463046FFF7E7FE10F11C0F0446D1
:108BB000CED00028CED14446DFF860A14FF00008A7
:108BC0004FF00C092B6D9A68424537D81B68D6F8D0
:108BD0006880002B62D0EB6405F140014046FEF74F
:108BE00003FA40F20123B3EB145F61D00024BFE726
:108BF00018F4007F40F08380240D012C40F0828027
:108C0000AB8818F4806F4FEA832308D043F00054F8
:108C10002B6B43F4803344F480142B63CCE705F1D1
:108C2000280243F00053009243F00803394A3946C2
:108C30003046FDF787FA041EBEDA8BE72A6BD007B1
:108C400006D42B6B2A6D99071DD408F10108B9E7EA
:108C50005868B5F804C009FB08F28118825C8B687B
:108C60004968009143EA8C2302F5407243EA0253BB
:108C7000394652463046FDF765FA0028E1DA831C92
:108C8000DFD0044666E7526809FB08229168726FDC
:108C900091423AD843F480332B63D6E7D8F82800C2
:108CA00007F006FBE864002896D16FF00B0451E74B
:108CB0002B6B43F480132B6300236B64B36E6FF054
:108CC00001029B6AAA62C4F30904EC622A64AB64E1
:108CD000002C8BD040F2FE318B42AA8828BF0B4675
:108CE00043EA8223EA6C009243F00053094A394672
:108CF0003046FDF727FA041EBFF678AF2AE76FF07B
:108D0000100427E76FF0140424E76FF01B0421E739
:108D10000000104000FC0F700000102000FCFF7FDE
:108D200030B597B00546FEF76BF9044600284ED1E2
:108D3000AB6E0146DA6A686E08F09AFCAB6E6C6541
:108D40001A6ADB6ADB00C5E91742934294BFAB6540
:108D5000AA650EA92846FEF7F3FC0446002833D185
:108D60004FF400330293AB6EDA691B6A0493EB6E27
:108D700005932B6F06936B6F0793164B0392CDE908
:108D80000830154B0A93154B0B93154B0C9302AB04
:108D90000D9308AA03230EA92846FFF7EDFD04460C
:108DA00090B98DF84E00034602460EA92846FFF7FB
:108DB000E3FD044640B9009001236A460EA9284607
:108DC0000193FDF73FFC04462846FDF724F82046B2
:108DD00017B030BD000010400800F00F964A0400A4
:108DE00018001020FDF717B82DE9F04397B004469E
:108DF000FEF706F90546002841D101461C220EA8BF
:108E000008F036FC6B4FDFF8DC81DFF8DC910123E2
:108E100015932E4614A8FCF749FF002833D004F11F
:108E20002000FCF743FF002840F0C18004F1300629
:108E30003046FCF76EFF60B95F4B0293A36B019362
:108E4000636B00935D49236B5D4841F2790208F042
:108E500015F9236B03EBD373236396E8070004F142
:108E60003C0383E80700A36E1A6AE36AB3FBF2F1DE
:108E700002FB113363650023C4E9163322662846DA
:108E800017B0BDE8F083A36E1B6AB6EB530F80F0FA
:108E90008B800823079305ABCDE90283494B0190F2
:108EA000009314AA484B0EA92046CDE90547FDF7CB
:108EB0008DF9002806F1010624DB6BD040F3090090
:108EC000013067D00E9B23620F9B636208AB009357
:108ED0003D4A4B460EA92046FDF734F9002811DB28
:108EE000089A130C022B91B200D181B13249019141
:108EF00092B232493548009241F2330208F0BEF88E
:108F00006FF0150005462046FFF76CFFB7E70B9B97
:108F10005BB1E26E934207D927492D48CDE9002184
:108F2000264941F23C02E9E7E3660C9B5BB1226F04
:108F3000934207D920492748CDE900211F4941F232
:108F40004702DBE723670D9B5BB1626F934207D952
:108F500019492148CDE90021184941F25202CDE7D3
:108F60006367A26E0A9B116A8B4207D0124A1B48A4
:108F7000CDE90012114941F25C02BFE7099BD269B9
:108F8000934207D00C491648CDE900210B4941F224
:108F90006302B3E704F130020EA92046FDF7DEF8C4
:108FA00000283FF437AFADE76FF05300AAE76FF04A
:108FB0001505A8E7964A04008749040042440400C6
:108FC000BC4B04000800F00F00FCFF7F9F4A040028
:108FD000C84A0400F94A04002A4B04005B4B040011
:108FE0008C4B0400E76B03001800102070B504469A
:108FF000806A049DFCF7A7FE30B1064B064A07487D
:1090000041F27B5107F024F904952046BDE87040F9
:10901000FFF76ABDF34B04006F4C040042440400A8
:1090200008B50346806AFCF78EFE30B9054B064A48
:10903000064841F28A5107F00BF91846BDE808408E
:10904000FFF739BDF44B0400604C040042440400B7
:109050002DE9F0410446806A0D4616461F46FCF78E
:1090600072FE30B90F4B104A41F2AC510F4807F075
:10907000EFF80B6BDA0704D40D4B0E4A40F6EA41C9
:10908000F4E79B0307D43B46324629462046BDE819
:10909000F041FDF72BBE2046FEF75AFD0028F2D026
:1090A000BDE8F081F44B04005E4D0400424404002E
:1090B0002A4C04004D4D040010B50446806AFCF7AC
:1090C00042FE30B9054B064A064841F2BE5107F050
:1090D000BFF82046BDE81040FEF7BABDF44B0400CF
:1090E0003E4D040042440400A8DF7047ADDF7047E6
:1090F000AEDF704762DF704770B505468AB00C4638
:1091000000295ED000285CD00388502B33D0572B29
:1091100069D0102B55D181886069002601AA01967B
:1091200000F021FA0223218AA888ADF80A6002AA79
:10913000CDF80CD0ADF80830FFF7D8FF002840D1AB
:10914000A369002B3DD0039800F002FB002838D023
:10915000019E0EB1012333701822002104A808F0EB
:1091600087FA02238DF81030AB88ADF818300594DB
:10917000A369079623E08188606902AA00F0F3F9E9
:109180001822002104A808F073FAAB882189ADF8F1
:109190001830EB88029A05949942079216D12E8ACC
:1091A000022E13D16AB105F1120000F0D1FA029B30
:1091B00048B101221A70A3698DF810600BB104A8A0
:1091C00098470AB070BD18700326F4E7A2899A4246
:1091D000F7D1A369002BF4D005F1120208922A8A74
:1091E000ADF82420EBE78188606902AA00F0BBF9A2
:1091F00001460028E5D1029E3378002BE1D01822E9
:1092000004A808F035FA0123ACE70000F0B53A4BAA
:109210008FB002AD04460A4603F1100C2F461868C1
:1092200059682E4603C6083363453546F7D1002CEE
:109230005FD0002A5DD01368A36121463846FFF74E
:1092400059FF002853D12246012512F8023B8DF820
:10925000063001A92846ADF80450FFF745FF002865
:1092600045D10146202206A808F002FA2246022330
:10927000ADF8183012F80C3B8DF81A30BDF82430D8
:109280001E4E6088079623F44F6323F00F0343F4C8
:1092900040632B4306A9ADF824308DF829508DF892
:1092A0002A5000F05FFA10BB0146202206A808F001
:1092B000DFF922460323ADF8183012F8043B8DF88D
:1092C0001A30BDF824306088079623F4875323F0C2
:1092D0001F0343F480532B43ADF8243006A940F21A
:1092E00001138DF82950ADF82A3000F03BFA0FB089
:1092F000F0BD0E20FBE700BF6C4D0400F400010040
:10930000F0B50F4687B016461C46054610B34069B7
:1093100001AA194600F027F9D0B94FF6FF739C4215
:109320001AD0019BC3B11B78C3B13388F42B17D873
:10933000AB88CDF80B008DF80F00ADF8083002A90E
:1093400001232046CDE904678DF80A30FFF7D0FEEF
:1093500007B0F0BD0E20FBE70520F9E70820F7E78E
:109360000720F5E7A8DF7047ACDF7047AEDF704736
:1093700037B505460C46E1B1D8B10388502B18D15A
:109380004B7CB3B1C2884B899A4212D1038A022B1B
:109390000FD10B686BB1123000F0DAF9AB88ADF881
:1093A000063080F001008DF80400236801A92046F2
:1093B000984703B030BD2DE9F0410E4690B0054608
:1093C00000286AD0002968D00B6803600B794374C9
:1093D000FF2303742A1D012041F60F0302A98DF813
:1093E0000A00ADF80830FFF7BDFF044600284ED153
:1093F0002022337B8DF8033001460DEB020008F08C
:1094000037F942F61923ADF820304FF001130993D4
:109410000DF103030A936B7C9DF82D20A8881B0196
:1094200043F0020322F0120203F0120313438DF8FB
:109430002D30B37B8DF83330AA1D737B8DF831301E
:1094400008A900F08FF9044608BBB16819B30DF103
:109450000408404600F080F9214607460E2203A882
:1094600008F006F9B8B242F60813ADF80C30ADF8C2
:109470001600F37BADF81A0005F10E02E8888DF8AE
:10948000123003A9CDF81C8000F00CFA04462046E7
:1094900010B0BDE8F081E881F9E70E24F7E72DE987
:1094A000F04194B016468DF807100546002856D0B6
:1094B000027CCBB29A424FF0000434D003AFC18893
:1094C000ADF80E400DF107034FF001083A464FF694
:1094D000FF70ADF80C800493FFF746FF044610BB05
:1094E0009DF807302B746B7C002B3AD0EB88ADF8DD
:1094F0001430BDF80E30CDF81700ADF81830049BCD
:1095000008934FF6FE739E428DF81B008DF816806F
:1095100007971ED109A800F0EFF80DF126072546A0
:10952000099BAB4203D8204614B0BDE8F08137F860
:10953000026F304600F0D0F8022805D105A9304668
:1095400024B9FFF713FF04460135E9E7FFF70EFFE3
:10955000FAE705A93046FFF709FF0446E3E70E24C2
:10956000E1E70824DFE770B50546164608460AB964
:109570000E2070BD00231360002DF9D02B68002B46
:10958000F6D0EB8813F003040ED100F0BFF8C0B2A0
:1095900014280BD02B7983420AD9EA882B6800FB68
:1095A000023333602046E4E70720E2E70520E0E7E6
:1095B0000420DEE773B50191019C06466CB10025DD
:1095C0002C46294601A800F0FEFA18B106EB440328
:1095D00001349D800135142DF3D13046346002B042
:1095E00070BD00002DE9F04703888488112B8CB0F2
:1095F00005463DD01A2B42D0102B19D1DFF8C08080
:10960000D8F80830DB430093D8F804106846FAF71E
:109610002FFA009901A8FFF7CDFF0DF106090027E9
:10962000019B9F4207D3132C12D90420FAF7ACF9FF
:109630000CB0BDE8F08739F802AF0026013651467C
:1096400008EB860000F0B5FA1D2EF7D10137E7E7E9
:109650001648214600F0A4FA1548214600F0A0FA69
:10966000EB7B012BE4D01348214600F099FADFE7A9
:109670000E4821460CB0BDE8F04700F09ABA037AD4
:109680000D481F2B4FEA131521460AD900F088FA1E
:10969000022D0A482146EDD00CB0BDE8F04700F09D
:1096A0007FBA00F086FA05482146E3E7E44F002040
:1096B000E04F0020E84F0020EC4F0020F04F00204A
:1096C000DC4F00201328014602D8024800F07BBA84
:1096D00000207047E04F002007B50190FFF7F2FF30
:1096E000019920B1034800F06EFA0130C0B203B016
:1096F0005DF804FBE44F002010B5034B04465968A5
:10970000FFF758FF204610BDDC4F002010B504467F
:10971000FFF7D8FF002814BF2046142010BDAADF91
:109720007047ABDF7047002301380B70042806D860
:10973000DFE800F00306080A0C0011230B707047E5
:109740002123FBE73123F9E71223F7E72223F5E78B
:10975000008800F0010070470B7803704B7843706D
:1097600002207047F0B58B7891B00C46012B38BFC2
:10977000012300278DF80E3005460B88607CADF87C
:109780000C306946ADF800708DF80270FFF7CBFF22
:10979000A07C0DF10101FFF7C6FF1646227D237B59
:1097A000013202F0030243EA4203E27B43EAC203CE
:1097B000227C43EA02139DF8022003F01F0322F0EB
:1097C0001F02134339461C2209A88DF8023007F006
:1097D0004FFF637B13F0300F14D00DF10901E07CD3
:1097E000ADF808708DF80A70FFF79DFF11238DF812
:1097F00008309DF80A30012102AA61F342038DF876
:109800000A300E92637B8DF82430A37B8DF82530CF
:109810000023CDE90633089303AB0493A388ADF886
:109820001C30A368CDF814D01BB1E288ADF8182025
:109830000893A2695AB301A90023ADF804308B70D4
:109840001388ADF82C305388ADF82E3053680D9145
:10985000107B0A93FFF767FF0DF10501507BFFF7BF
:1098600062FF937B117A013303F0030341EA430162
:10987000937A41EAC301D37A41EA03119DF8063095
:1098800001F01F0123F01F0319438DF80610E3694F
:1098900003B10C93334604AA09A92846FFF73FFFFA
:1098A00011B0F0BD70B588B00023ADF81A308B78D8
:1098B000012B0C4638BF01238DF80A3001AE0B880E
:1098C000ADF80830054602ABA07903933146FFF7A7
:1098D0002AFFE0790DF10501FFF725FF217A637971
:1098E0000496013101F0030143EA4103E17843EAC0
:1098F000C103217943EA01139DF8061003F01F0309
:1099000021F01F010B438DF806306389ADF8143048
:10991000A389ADF81630E389ADF8183003A923699F
:1099200007932846FFF7FDFE08B070BD75DF70474E
:1099300076DF70477ADF70477BDF7047034B1A880A
:1099400082420CBF18460020704700BF70500020B4
:10995000024B9B6903B11847704700BF5450002069
:1099600073B585B22846FFF7E9FF044638B3174EB2
:10997000027A337B9A420CD200F10A012846FFF7A3
:10998000D5FFF0B111281AD002B0BDE87040FFF742
:10999000DFBF00230372337C43B13B212846FFF72E
:1099A000C7FF30F0080301D0FFF7D2FF736933B16E
:1099B00000228DF80420ADF8065001A8984702B0A7
:1099C00070BD237A01332372F9E700BF54500020A1
:1099D00013B50B46497A02460E4871B9D0E9011019
:1099E0001C7A002C18BF0146586800F0CBFB78B1F8
:1099F00002B0BDE81040FFF7ABBF00211972436908
:109A000033B101218DF80410ADF8062001A8984764
:109A100002B010BD545000204B8802889A4212D8E0
:109A200042889A420FD380888B8840F2F311884293
:109A300094BF021A421A9A4205D80844984234BF89
:109A40000020012070470020704700000388122B7F
:109A500070B5014659D004D8102B1ED0112B44D01C
:109A600070BD502BFCD12F4BC288DB899A42F7D1B5
:109A7000038A022BF4D186883046FFF75FFF054644
:109A80000028EDD001F11200FFF762FE38BB6868D4
:109A900000F0C0FB0028E3D00AE0C37B8688012BDE
:109AA000DED14FF6FF70FFF749FF054620B90420CD
:109AB000BDE87040FFF74CBF1B4A068000230372CD
:109AC0001368C0F80A305368C0F80E3010310A30FD
:109AD000FFF7A2FF134B6872DB89002BC0D1294628
:109AE0003046BDE87040FFF773BF8088FFF726FF60
:109AF00004460028B4D0406800F08CFB08B1FFF7A2
:109B000027FF4FF6FF732380AAE786883046FFF7CA
:109B100015FF05460028A3D008310A30FFF77CFF67
:109B20006872DCE75450002084500020F8B50646E7
:109B300048B305460FCD154F3C460FC495E80700C6
:109B400084E807003068124C3C60B0B1FFF7F2FEC9
:109B5000C0B9326813682360536863600D480E4AC9
:109B60004FF6FF7303800D4B40F8043F002100F0D7
:109B7000F7FA002818BF032004E02046FFF7DCFEB8
:109B80000028EBD0F8BD0E20FCE700BF54500020A9
:109B90008450002070500020619903008C500020F8
:109BA00001F01F024B090121914000EB8300F9F7FE
:109BB00053BF01F01F0301229A404B0900EB8300C1
:109BC000D143F9F755BF4B0901F01F0150F82300AD
:109BD000C84000F001007047B0DF704766DF704793
:109BE00010B5002104464088FFF7F8FF034608B986
:109BF000237210BD112801D10123F9E76368BDE884
:109C00001040184760B159B10378DE2B0AD00B68B9
:109C10004360DE2303704FF6FF73438000207047DC
:109C20000E2070470820704728B10378DE2B04D13E
:109C30004180002070470E20704708207047F0B523
:109C4000054685B00C46002942D0002840D00B784C
:109C5000DE2B3DD182884B889A4204D10B7A13B116
:109C60000846FFF7BDFF2B88112B33D0512B0FD0A7
:109C7000012B2DD12B7AAA88012B29D16188914201
:109C800026D12046237205B0BDE8F040FFF7A8BFFB
:109C9000AB8866889E421BD1AF79022F18D1AD7B6D
:109CA0002B1F022B14D800211022684607F0E0FC7D
:109CB000052D0CBF00234FF4C073694630468DF864
:109CC0000070ADF80430FFF787FF08B1636898476C
:109CD00005B0F0BD6388AA889A4204BF4FF6FF73AF
:109CE0006380F5E7094B5A7899780132D2B29142F4
:109CF00008BF0022197891421FBF02705A781821BC
:109D000001FB023014BF043000207047AC5000202B
:109D100073B5054600240DF107000E468DF8074087
:109D2000F9F7F8FD0DF10600FFF7DCFF90B10670C2
:109D3000094B9DF8062045605A709DF80700F9F719
:109D40000DFE24B9054B4FF48012C3F800212046C4
:109D500002B070BD0424F0E7AC50002000E100E048
:109D6000024B4FF43C6043F001031847804D040060
:109D700038B50C4B0C4C4FF40032C3F88020012551
:109D80004FF48033C4F84833C4F808336560FFF7F4
:109D9000E7FF064BA56000241C60FFF7E1FF044BC2
:109DA0001C7038BD00E100E000100140C8510020E7
:109DB000B9510020F8B51F4B1F491B680025C1F899
:109DC0004051C1F84451C1F84851C1F84C51C1F853
:109DD0000051C1F804514BB3D1F804451749096843
:109DE000641A24F07F442F461A68A24209D8A41AA4
:109DF00015441A7CDE691AB1D3E905201F74904717
:109E0000AEB90F4A0F4B11781B788B4205D1013345
:109E1000DBB2022B08BF0023137012780A4B43F801
:109E200022500A4B4FF48012C3F80021F8BD33468C
:109E3000DAE700BFCC51002000100140C8510020DB
:109E4000C5510020C4510020BC51002000E100E0B9
:109E50002DE9F04F9F4AA049137809789F4D994208
:109E600085B03CD00133DBB2022B08BF0023137056
:109E70009B4912789B4B0F6853F822003B1823F044
:109E80007F4300220B602B6816461446944613B994
:109E900042B12B6006E0196881420ED902B12B60F5
:109EA000091A196001272B68DFF840A201934FF0CF
:109EB0000008BEB9DFF83CB25EE0401A0C44D96835
:109EC000D3F81CE0C3F800C031B13A1922F07F4248
:109ED000C3E90121DE611E4673460122D7E7002651
:109EE0003746E0E73446F6697D4B60681A68DFF86C
:109EF00008C2A368811A21F07F41614500F2A48065
:109F00000B4401212174296823600022C4E9012245
:109F1000E261002940F0A0802C60CAE79BF80210A3
:109F20005A1CD2B2914208BF00228BF8002018229E
:109F300002FB03B32A6819799C68022975D00329AA
:109F40007FD0012918D1207CB0B9D3E90312A260D7
:109F50005A69E2609A69644BA2611A78002A18BFB4
:109F600001466160C0E78C4200F092808946C96971
:109F70000029F8D1002323749BF800309BF80120BE
:109F80009A42CBD12B68B8F1000F04D1019A9A42C2
:109F900001D1002F43D0002B77D0D3F800A0534D30
:109FA0004F4BD5F804751C68DFF850813E1B98F8BC
:109FB000003026F07F4603369BB94FF48033C5F856
:109FC0004433C5F804334A4B4FF400324FF00109D3
:109FD000C3F880211A60C5F80090FFF7C1FE88F829
:109FE0000090B2452CBF5444A41924F07F44C5F816
:109FF0004045D5F80435DB1B23F07F43E41B0333D6
:10A0000024F07F44A3420AD9D5F80435C5F8403579
:10A01000FFF7A6FE364B4FF40032C3F80021324B57
:10A0200000221A7005B0BDE8F08F114691469FE7F7
:10A030001174D2690123002AFAD1002B9CD02A6026
:10A040009AE700231946F6E7121A22F07F429A4255
:10A0500034BF9B1A002354E70A689A4213D3D21ADA
:10A060000A60E16158E71B1AD069114638B102460F
:10A0700010689842F7D3C01A106010460A46236051
:10A08000E061D46115E70A46F2E7FFF771FEC6E723
:10A090004C4511D1D3692B6073B9DFF844E001203E
:10A0A000CDE90212CAF80800CEF800300E4B187045
:10A0B000FFF756FEDDE902120B68C969C9F81C10EA
:10A0C00011B1086803440B602B68934218BF4FF02E
:10A0D00001084FE7C4510020C5510020CC51002099
:10A0E000C8510020BC510020B85100200010014090
:10A0F00000E100E0AC500020FEFF7F00B9510020DD
:10A1000008B5FFF735FE104B00200B2218809A701F
:10A110000E4B18600E4B18700E4B18700E4B4FF410
:10A120008012C021C3F8802183F814131A6002F151
:10A130008042A2F56F22C2F8080583F81113074B7D
:10A14000D2F804251A6008BDAC500020CC51002084
:10A15000C4510020C551002000E100E0C85100209A
:10A16000074B9B784BB132B128B10368187C20B9FA
:10A1700059745A617047072070470820704700BF24
:10A18000AC5000202DE9F743DFF8848098F80230C6
:10A1900005460E461746ABB3A0B3042930D9436930
:10A1A00083B3437C0024012B0DF107000CBF8946CB
:10A1B000A1468DF80740F9F7ADFB0DF10600FFF75A
:10A1C00091FDD8B1012303700F4B4560D3F80435DE
:10A1D000C0E90497C0E902369DF8063088F80130DE
:10A1E0009DF80700F9F7BAFB24B9084B4FF4801229
:10A1F000C3F80021204603B0BDE8F0830424EFE754
:10A200000724F7E70824F5E70010014000E100E02B
:10A21000AC500020064A92783AB130B1426922B17E
:10A22000002202740221FFF773BD0820704700BFAF
:10A23000AC50002072DF704773DF704738B50122E1
:10A2400004460D46B0F83812D0F83402FAF71BF97C
:10A2500000B1057004F13C0204F50D7104F15400E5
:10A26000BDE83840FFF7E6BF80F830107047F8B51A
:10A2700004460F46002973D0002871D091F87A3037
:10A280001BB191F89830002B6CD1D7F8A030042B7B
:10A2900068D0D7F89C30042B64D04FF0000C84F8C1
:10A2A00002C007F178060FCE251D0FC50FCE0FC5D2
:10A2B00096E8070085E8070084F830C0D7F8A43096
:10A2C0006363D7F8A830A36304F50D724FF6FF73EC
:10A2D000C4F84AC2A4F84832C4F84422C4F84DC2B3
:10A2E00022780AB984F8543094F82430002B14BF33
:10A2F000EE231F2304F15501C4F83412A4F83832B8
:10A3000004F50E723846F9F7D8FE40BB94F82430B5
:10A31000002B14BFEE231F2304F24311C4F83C1298
:10A32000A4F8403204F5107207F13C00F9F7C5FEBD
:10A33000A8B9A369A4F848304FF480730125A4F8A4
:10A34000503063692064014684F83C50636404F132
:10A350003C0204F15400FFF76DFF00B92570F8BD11
:10A360000E20FCE70720FAE7F8B5067804460D460C
:10A37000002E00F001810023C0F84A32C0F84D32AF
:10A38000C388817000F24A270BB1012903D0E37919
:10A3900043B1022D06D1636B9BB1012284F8512297
:10A3A000082098473A4604F5147112F8013F5BB94A
:10A3B0008A42FAD16A1E032A4DD8DFE802F0070D5F
:10A3C000111484F85132EDE73346F3E7A2791AB15C
:10A3D00094F8242002B94BB9E2790AB1002B3CD1A0
:10A3E000237A002B3BD1657AAD00EDB2636BA5708B
:10A3F000002B36D0033D012D33D862798AB394F80F
:10A40000522272BB84F85422012284F8532207207E
:10A41000984704F13C0518220021284607F028F946
:10A42000E26A0123511E994284F83C3098BFD3B2AE
:10A4300084F8513094F8243088BF00261BB1A6B1AF
:10A44000A26A84F85220A278042A1ED8DFE802F01B
:10A450007B0F25385A000025C8E70225C6E70325EB
:10A46000C4E7002384F85332D3E70122E9E701234C
:10A4700084F831300023C4E91073C4F84432022355
:10A4800084F83C308023A4F84830A378002B5ED1B8
:10A49000636B002B6CD1002069E0002B14BF0723F5
:10A4A000032384F83C302369A4F8483000230222B7
:10A4B000C4F84432E36884F8312027646364E4E735
:10A4C00061696164A169A4F8481013B1062384F896
:10A4D0003C3063797BB194F8523263B994F85432CA
:10A4E0004BB1022384F8503004212046FFF7A6FE2A
:10A4F0000028CAD1052204F50D7384F83120C4F870
:10A500004432C2E7002B14BF06230123E16984F81B
:10A510003C3063796164216AA4F84810002BEAD0CA
:10A5200094F85232002BE6D194F85432002BE2D04A
:10A53000022384F8503004212046FFF77FFE0028D4
:10A54000A3D10622D7E7002384F831309DE7D4F861
:10A5500044122A4604F15400FFF76CFE38B994F80F
:10A56000301094F85400FFF767FE002890D0F8BD33
:10A5700094F8310098478EE70820F8E70388112BFC
:10A5800010B50C460AD0262B1FD0102B05D1C27B4C
:10A590008388012A01D1A1F8483210BD00228388A6
:10A5A00081F85222B1F848229A42F6D10B79002B59
:10A5B000F3D101212046FFF7D7FE0028EDD0A36B91
:10A5C000002BEAD0BDE810401847037A013B012B6D
:10A5D000E3D8897805230131B1FBF3F303EB83035F
:10A5E000C91AC9B2E6E77047836800225A60C3E916
:10A5F00004229A60DA601A6070472DE9F84F064627
:10A60000806889469046F9F73FFA074680BBD6E94D
:10A61000015214699368D8F8002005F1010A5444E6
:10A62000E41A944205EA030528BF1446AAEB050B79
:10A630005C45C8F800400AD93068494628445A4663
:10A6400007F03EF9A5EB0A031C44D9443D463068A7
:10A6500022464946284407F033F9B068D8F800206C
:10A66000836813448360F9F712FA3846BDE8F88F1F
:10A670001127FAE72DE9F8430546806804300F46B4
:10A680009146F9F701FA804688BBAA686C6893681E
:10A690001169D9F800205E1A964201EA040103EA22
:10A6A000040328BF164699422ABF01345C1A641A73
:10A6B000A642C9F8006008D92B68384619442246DA
:10A6C00007F0FEF8361B274400212B683246194458
:10A6D000384607F0F5F8A868D9F800200369134454
:10A6E00003610430F9F7D3F94046BDE8F8834FF031
:10A6F0001108F9E70649074A074B9B1A03DD043B9B
:10A70000C858D050FBDCF6F707FFF5F7C3FD000093
:10A710006454040000300020B8330020FEE7FEE758
:10A72000FEE7FEE7FEE7FEE7FEE7FEE7FEE7FEE701
:10A73000F0B4049F0C461546B7B1A8B1A2B19BB1C5
:10A74000C678043C232E00F10401A2B208D857F8C1
:10A7500026404CB1049330462B46A446F0BC6047DB
:10A760006FF00700F0BC70476FF00800FAE70000D8
:10A77000024A13780133DBB213707047C4520020D1
:10A780003B289EBF014B01221A547047D85200202B
:10A790002DE9F04F0026DFF86091DFF86081ADF51C
:10A7A000017D3446354699F80030F7B2BB4213D8E4
:10A7B000002089F80000002D42D0F5F79BFE0446EA
:10A7C000474B1B78002B40F08680464A137020468A
:10A7D0000DF5017DBDE8F08F434B5B79012B1ED059
:10A7E000052B13D8DFE803F0221212221B22534458
:10A7F0000BF1010B93F81B01F6F7A0FC9AF81A1164
:10A800005FFA8BF39942F2D80135EDB24FF406723C
:10A81000002102FB078006F02BFF0136C3E74FF44F
:10A8200006724FF0000B02FB078AE7E74FF406734E
:10A8300003FB078301345879E4B2F5F772FEE5E7CC
:10A84000002CBDD004F010FA2848284F04F030FA4C
:10A8500085B22E460024B6F5007F22D26B0AC3EBE8
:10A86000C31305EB4325ADB295B14FF4007200213F
:10A87000684606F0FDFE1D482A46694604F05EFA69
:10A8800004B22CB9164B2A4618786946F6F7A6FC8E
:10A89000164804F0FFF9F0220021154806F0E8FE02
:10A8A0008EE74FF400720021684606F0E1FE4FF497
:10A8B00000726946384604F041FA04B2002CCAD14D
:10A8C000074B4FF4007218786946A6F50076F6F744
:10A8D00085FCB6B2BEE7074B00221A7077E700BFCF
:10A8E000E3310020BA6B0020D0310020A0B100205D
:10A8F000D4510020D0510020D05200201853002005
:10A900001FB5134B1B78D3B1124B009253F8224062
:10A91000013443F8224053F8223001934FF47A7205
:10A92000002305F003FB0C4B5B79CDE902010BB171
:10A93000052B06D109480122694604F005F904B047
:10A9400010BD032BFBD1064801226946F5E700BF85
:10A95000D0520020D4510020D031002085AF030018
:10A9600021AE0300054B06491B7802461BB1054B7F
:10A970001878F6F733BC044804F0A6B9D15100208A
:10A98000A85F0020E3310020A0B100202DE9F04FA6
:10A99000834687B09A4801930478002900F0298102
:10A9A000002B00F026811098002800F022810B2A4D
:10A9B00040F222810D78934F00224FF40676D0B2F8
:10A9C000844204D8052C0BD96FF01C002CE0013216
:10A9D00006FB02F0385CA842F1D16FF01B0023E0C7
:10A9E0004FF40672884F6243B818BD544D784570D5
:10A9F0008D788570CD78C5700D7905714D792D02F2
:10AA0000C5808E793543C5800295CD79057205954F
:10AA10000D7A2D0245814E7A35434581681E032803
:10AA2000039504D96FF01A0007B0BDE8F08F02F16A
:10AA30000B0602F59C7502F24712BA180020049228
:10AA40003E443D4484460A228F5C06F8017F971CF1
:10AA50004FF00003FFB23371CF5D377102F1030E87
:10AA6000BBF1220F5FFA8EFE40F0AC8011F80E9021
:10AA700086F8289102F1040E5FFA8EFE02F10508B5
:10AA800011F80EE05FFA88F84FEA0E6EC5F800E0A4
:10AA900011F808804EEA084E02F106085FFA88F8BD
:10AAA000C5F800E011F8088002F1070A4EEA08280C
:10AAB0005FFA8AFAC5F8008011F80AE008324EEA17
:10AAC000080EB9F1010FC5F800E0D2B21FFA87FEF7
:10AAD00074D1DDF810A04FF0000805E011F80990DE
:10AAE0000AF8019F08F101081FFA88F302EB080930
:10AAF0009E455FFA89F9F1D83A440130D2B280B26A
:10AB0000049F039B0CF1010C1FFA8CFC3237634548
:10AB100005F10405049797D1B0F5406F82D23A4D04
:10AB2000885C4FF4067606FB0456571CFFB230755E
:10AB3000CF5D7775901CC0B25FB1085CB075D01C5A
:10AB4000C0B2085CF075501D0432D2B2C0B28A5C4B
:10AB500032834FF406720F5C02FB045282F81A71C2
:10AB6000002F33D1059B012B3DD1029A019B4FF45D
:10AB7000067000FB045100FB0455C1F8282123494D
:10AB80000E68B24294BF0122B2FBF6F2C5E94B2235
:10AB90001B4ABBF1220F04F10104147014BF0122FF
:10ABA00004224A715A221A70109B04221A80019BB7
:10ABB0000020A3F8012083F803B035E786441FFA8C
:10ABC0008EF09DE70744B8B2724699E7861C0130C3
:10ABD000C0B2012F085C82F81B01F6B2C2D0895DB9
:10ABE00082F81C11BEE702994FF47A7251430A466B
:10ABF000BCE76FF0080017E76FF01D0014E700BF17
:10AC0000D05200200051002018530020D0310020E5
:10AC100010B5029CE1B1DBB1D4B1032A1BD9B1F864
:10AC2000012052BA92B222B1C97801290AD10B4946
:10AC30000A605A221A7004222280D870A3F80120D8
:10AC4000002010BD0229F4D14FF47A714A43EEE797
:10AC50006FF00800F5E76FF01D00F2E7D03100203B
:10AC60002DE9F74F904600901D460F46002900F051
:10AC70009D80002B00F09A800C9B002B00F09680AA
:10AC8000002A00F096804E4B1B78002B00F0948039
:10AC90000B7823B9FFF77CFD044614B112E0FF2BBB
:10ACA00014D05A230C9A2B7008F104039BB2138022
:10ACB000A5F80130009BEB7042463946281D06F08E
:10ACC000FFFD0024204603B0BDE8F08F3D4B1A780D
:10ACD00001236ABB3C4A13703C4B5A79052A0CD8B5
:10ACE0006FF029031341DB0707D403F00DFF384948
:10ACF00038484FF4806203F0D3FF4FF0000ADFF8CA
:10AD0000E8B0D14654462E4B1B785FFA8AF6B34220
:10AD100010D8B9F1000FC0D02F490020F5F7B0FBD3
:10AD200004460028CED1294B1968F5F7C1FBB3E7DB
:10AD30002A4AD0E7254B5B79012B22D0052B1DD861
:10AD4000DFE803F0251C1C251F253244019392F8EF
:10AD50001B0110F0100F14BF0122022200F00F009F
:10AD6000F6F7F6F8019B013396F81A011C49DAB29E
:10AD70009042EAD809F101095FFA89F90AF1010A5A
:10AD8000C1E74FF40672002302FB06B6ECE74FF46E
:10AD9000067303FB06B61349B37D7079002B14BF0D
:10ADA00001220222F5F7BAFB0446E7E76FF0080438
:10ADB00088E76FF01D0485E76FF0190482E700BF94
:10ADC000D0520020E3310020BA6B0020D0310020A7
:10ADD0009DAD0020A0B1002071A70300D05100203C
:10ADE00081A7030001A9030018530020064B07495F
:10ADF000074A012808BF1A46064B08BF0B460649FA
:10AE00000A60064A1360704789090300C5080300F9
:10AE10002D0C03003D0B0300C8520020CC52002033
:10AE20002DE9F04F4FF0000885B00446C1464E4B67
:10AE30001B785FFA88FA534502D805B0BDE8F08F59
:10AE40004A4A21684FF4067303FB0AF3D5186A795E
:10AE50008A4240F08480464951F82220616891423C
:10AE60007DD1444EA878DFF818B15A2232701B22E7
:10AE7000F2703E4AD35C337163681B0E7371636872
:10AE80001B0CB37163681B0AF37163683372FFF7BD
:10AE9000ADFFB5F81E31ADF80C3002230093002849
:10AEA00095F81C212979E878DBF8007003AB08BF1E
:10AEB0004FF08009B847002854D195F82231B5F8F1
:10AEC000202100932C4B29791B68E87849EA02027B
:10AED0001F46D2B206F10903B84795F82261093638
:10AEE000F6B258B9022300938DF80D00DBF800701C
:10AEF00095F81C212979E87803ABB8471B4A4FF431
:10AF0000067303FB0A235A781A4B0AB3A268E26855
:10AF1000120A9A55A268E168721CD2B29954A168CB
:10AF2000E268B21CD2B2090E9954A168E268F21C20
:10AF3000D2B2090C9954311DA068E268C9B2000A66
:10AF40005854721DD2B2A168E06899540636F6B220
:10AF500008490A48A3F80160324603F0B5FE08F13B
:10AF6000010864E70926C9E7D052002018530020E1
:10AF7000D4510020A85F0020C8520020A0B10020BA
:10AF8000CC5200202DE9F04F8BB00023AA4E07933E
:10AF900005460493A94B9DF81C901B784B4502D89D
:10AFA0000BB0BDE8F08F4FF4067303FB09FB06EB13
:10AFB0000B042A686379934240F0CE80A04A52F88D
:10AFC00023306A689A4240F0C7809E4BA0785A228C
:10AFD0001A701B22DA7016F80B201A716A68120EAA
:10AFE0005A716A68120C9A716A68120ADA716A6890
:10AFF0001A72FFF7FBFE0028049B08BF802304930E
:10B00000914B5B790993637D002B00F0A980627EF0
:10B010000499608B0A43217E014489B200918B49D7
:10B02000E0780F6821790BF11C033344D2B2B847A2
:10B03000059000234FF40677069307FB0963092464
:10B040000393039A9DF818C0D288DFF8F881039B18
:10B050009445C0F087805B7DA3B1059B93B9039BAA
:10B0600003991B7E03980BF11C021344039A528B25
:10B070000092774A0979D2F800A0039AC078527EEC
:10B080003344D0474FF4067303FB09635B783BB34B
:10B09000AB68EB681B0A08F80430AB68EA68631C0D
:10B0A0009BB208F80320AA68EB68A31C9BB2120E9F
:10B0B00008F80320AA68EB68E31C9BB2120C08F89E
:10B0C0000320221DA968EB6892B2090A08F8021051
:10B0D000631D9BB2AA68E96808F803200634A4B28D
:10B0E0004FF4067303FB0963DFF8588193F824716A
:10B0F00057B393F82511574A12F801C00020BCF14C
:10B10000010F0ABF505483F8270183F827C1012F8C
:10B1100010D04FF4067303FB0963002193F8260156
:10B1200012F800C0BCF1010F06BF115483F828C10A
:10B1300083F828110BF227113A4608EB040031443A
:10B1400006F0BEFB2744BCB2059B002B6DD1A8F8CE
:10B1500001402046FFF706FC079B0133079319E7E0
:10B16000059366E74FF4867E0EFB09CE0EF1040EC2
:10B1700006EB4E020892B2F804E0099AD8781979E1
:10B180006344052A1F7AA0443ED14FF0860A93F803
:10B1900038310AFB09CA06EB8A0A012BDAF83CA10E
:10B1A00021D132220BF5A67302FB0C33DFF8A0C0CD
:10B1B000CDF800E0DCF80020944633443A46674678
:10B1C000B847003804F1010418BF0120A4B288F880
:10B1D0000000BAF1000F02D05046F5F7EBF8069BDD
:10B1E000013306932DE7049BCDF800E047EA030204
:10B1F000164B1B68D2B21F464346B847089B0590C2
:10B200009B8823449CB2E4E7049BCDF800E047EA26
:10B2100003020E4BD2B2D3F800A04346D047089B9E
:10B2200005909B8823449CB2D9E7FF23042088F82B
:10B230000430A8F801008DE718530020D0520020F8
:10B24000D4510020A85F0020D0310020C852002037
:10B25000CC520020D85200202DE9F04F2DED028B6A
:10B260009D4B5B79012B89B002D0042B40F02581E6
:10B270009A4A1178002900F02081994B1B78002B05
:10B2800000F0A2801378974FDFF86C92013BDBB29D
:10B290004FF0000B1370CDF808B05FFA8BF34FF44A
:10B2A000067202FB03720393D2F82C31002B7CD17F
:10B2B000039B4FF4067808FB03F807EB0804D4F867
:10B2C0003031C4F82C315A23A07889F800301B2380
:10B2D00089F8033017F8083089F80430FFF786FD45
:10B2E0000028029B657D08BF802302937A4B5B791F
:10B2F00007938DB1E27D0299208B0A43A17D014421
:10B3000089B200917849E0780D68217908F11A0333
:10B310003B44D2B2A847054600230493039B4FF455
:10B320000676052406FB03769DF810C072899445C5
:10B330004FD3737D73B16DB9B27D08F11A03134415
:10B34000328B0092694A3179D2F800A0F078F27D10
:10B350003B44D047039A4FF4067303FB027393F800
:10B360002421B2B193F81A61614908F58D73002266
:10B370003B4410465FFA82FC664500F2898008F281
:10B380001D11324609EB0400394406F099FA2644AF
:10B39000B4B2584B1878002D40F08880A9F80140CD
:10B3A00022464946F5F71AFF05E0013BC2F82C3169
:10B3B000002B3FF47DAF4A4B0BF1010B1A785FFA7B
:10B3C0008BF39A423FF669AF09B0BDEC028BBDE842
:10B3D000F08F06EB0C0AF0789AF80C30059309EB25
:10B3E000040308EE103A079B31799AF810E0042B19
:10B3F0003DD1039A862303FB02C34E3357F8233013
:10B4000006939AF83431012B20D14FF0320A08F517
:10B41000A4730AFB0C33DFF8D4C0CDF800E03B4442
:10B42000DCF800A0059AD04718EE103A003804F175
:10B43000010418BF0120A4B21870069B13B118466E
:10B44000F4F7B8FF049B013304936DE7029B059A60
:10B45000CDF800E01A43244BD2B21D6818EE103A22
:10B46000A8479AF81030234405469CB2E5E7029BB2
:10B47000059ACDF800E01A431B4BD2B21D6818EEB6
:10B48000103AA8479AF81030234405469CB2D9E7F1
:10B4900013F801CF11F80CE0BEF1010F06BF01F85F
:10B4A0000C0083F802E09870013263E7FF23042266
:10B4B00089F80430A9F8012073E7052B84D82922E4
:10B4C00022FA03F3DB077FF57FAF09B0BDEC028BF7
:10B4D000BDE8F04F03F088BBD0310020C4520020FB
:10B4E000D052002018530020C8520020CC52002017
:10B4F000D8520020E3310020A85F002010B5ADF540
:10B50000047DF5F769FF04461E4803F0D1FB82B2C3
:10B51000002A32D0B2F5007F1B4B08D2D3E90001DC
:10B52000201A61EB4101642871F1000125D3B2F5C5
:10B53000007F4FF00001596028BF4FF4007211489E
:10B540001C6004A9019203F0F9FB104B019A1B78CF
:10B55000B3B10F4B01211B6804A805F081FD60B950
:10B56000FFF716F90B4B0293BD238DF80C30052223
:10B5700002A9094B1878F5F731FE0DF5047D10BDD1
:10B5800004A9F6E7A0B10020B8B10020758D002015
:10B59000D45200205505001BE33100200A4B5A7994
:10B5A000052A04D86FF029031341DB0702D5074BA6
:10B5B0005B793BB9064B1B7823B9064B1B780BB95B
:10B5C00003F012BB704700BFD0310020D8310020FB
:10B5D000CE7C0020D15100202DE9F04F85B00290A3
:10B5E0007D4890F800E0002900F0ED80002B00F08D
:10B5F000EA800E98002800F0E6800B2A40F2E680F0
:10B60000BEF1050F00F2E5804FF40672734E0C7820
:10B6100002FB0EF2B018B4544C7844708C788470ED
:10B62000CC78C4700C7904714C7944718C79240203
:10B63000C480CD792C430094C480013C032C7DD878
:10B6400002F10A0802F59E7702F24B12B21801923B
:10B6500082B20392B0443744002408228D5C057204
:10B66000551CEDB202F102094D5D029E2D0228F833
:10B67000025F5FFA89F902F1030C11F80990232E99
:10B6800045EA09055FFA8CFCA8F800505BD111F877
:10B690000CB080F838B102F1040C5FFA8CFC02F1B6
:10B6A000050911F80CC05FFA89F94FEA0C6CC7F86C
:10B6B00000C011F809904CEA094C02F106095FFA42
:10B6C00089F9C7F800C011F8099002F1070A4CEA9D
:10B6D00009295FFA8AFAC7F8009011F80AC00832FF
:10B6E0004CEA090CBBF1010FD2B2C7F800C028D157
:10B6F000DDF804A04FF0000C05E011F809900AF8FD
:10B70000019F0CF1010C1FFA8CFB02EB0C095D454B
:10B710005FFA89F9F1D82A44D2B20134A4B2019D6A
:10B72000009E32350195039D0130451BADB2AE42FE
:10B7300007F1040792D8B4F5406F08D36FF01A00F0
:10B740003EE02C44EAE72544ACB26246E7E7FE2C33
:10B7500082BF23480124047020488C5C4FF4067596
:10B7600005FB0E000475541CE4B20D5D4575941C78
:10B77000E4B20C5D04F0010484755DB1D41CE4B244
:10B780000C5D0476141DE4B205320C5D4476D2B231
:10B790008A5C4283029A232A124A14BF002105219F
:10B7A00051710D4A0E990EF1010E82F800E05A22F5
:10B7B0001A7004220A80A3F80120029ADA7000208D
:10B7C00005B0BDE8F08F6FF00800F9E76FF01D00DD
:10B7D000F6E76FF01C00F3E7D0520020185300206A
:10B7E000D1510020D0310020F0B5304F059E3D787A
:10B7F000002951D0002B4FD0002E4DD00E2A4ED90B
:10B80000052D4FD84FF406746C43DFF8A8C091F8AB
:10B8100000E00CF804E00CEB04024C7854708C78D7
:10B820009470CC78D4700C7914714C7954718C79F3
:10B830002402A2F81C4191F807C044EA0C04A2F8C3
:10B840001C410C7A2402A2F81E4191F809C044EA76
:10B850000C04A2F81E418C7A2402A2F8204191F82F
:10B860000BC044EA0C04A2F820410C7B82F8224170
:10B870004C7B1475897B01F0010191750C4A032101
:10B88000517101355A223D701A7004223280D870ED
:10B89000A3F801200020F0BD6FF00800FBE76FF077
:10B8A0001D00F8E76FF01C00F5E700BFD052002044
:10B8B000D0310020185300202DE9F843DFF8108123
:10B8C000414ED8F800501F2D044675D860236B43B5
:10B8D000C278F254F71803237B704379012B52D1BD
:10B8E0000923BB70B4F80720602303FB056352BA39
:10B8F0005A82B4F80930E27A5BBA012A9BB204D0CA
:10B90000022A5DD14FF47A7253434FF0600909FB6C
:10B9100005690E34C9F8043014F8023C89F8143073
:10B9200014F8010C89F85200C00002F0ABFB0023B0
:10B9300099F852C0C9F858001A46D9B2614504F1C5
:10B94000040400F1080024D3602303FB0565D8F844
:10B9500000306A650133C8F8003000241B48AA2370
:10B96000037001238370502303713B7843710D23CF
:10B97000082183710A234170C470C37103F0CEFDA6
:10B980002046BDE8F8839A1ED2B2082A98BF134613
:10B99000A7E714F8041C00F8081C14F8031C00F8AE
:10B9A000071C14F8021C00F8061C14F8011C00F80F
:10B9B000051C0A440133C0E76FF007043746CDE7A2
:10B9C0006FF00104CAE700BF407D0020CB7B002060
:10B9D000387D00202DE9F04F85B00B79019391F867
:10B9E0000A804B7B91F80E90DFF870A0DFF870B002
:10B9F000029316460546002702220299FBB299429D
:10BA000006D8101E18BF0120404205B0BDE8F08FD7
:10BA10000199DAF80030022902D0B9F1000F16D0EE
:10BA200000240EE004EB08010BEB04020123C9B271
:10BA30002846B04703904846F4F7AEFC0134039A19
:10BA4000E4B2DAF800309C42ECD30137D5E75A462D
:10BA500041462846B0470246F7E700BFC47B0020B6
:10BA6000BC6B002007B59BB2009313460A46014603
:10BA70000020F5F763F803B05DF804FB07B59BB24F
:10BA80000093134641F0800201460020F5F7CEF8FE
:10BA900003B05DF804FB07B59BB2009313460A465A
:10BAA00001460020F4F70EFF03B05DF804FB07B574
:10BAB0009BB2009313460A4601460020F4F764FF48
:10BAC00003B05DF804FB000038B5104B1B78012B68
:10BAD0001AD10F4D6C78F5F785FCA31EDBB20A0A6C
:10BAE000EA54631EDBB2020CE954030E2B55631CAF
:10BAF000DBB2EA54A31C0334DBB2E4B2020AEA5418
:10BB000028556B7806336B7038BD00BFCA7B0020A8
:10BB1000CB7B002070B5154CAA23D2B22370012331
:10BB2000A37042F04003013A012A237195BF082314
:10BB30000723637063700E4B98BF61711B78E070D0
:10BB400094BF06250525012B064603D1FFF7BCFF50
:10BB50000635EDB20D23635525440A236178034869
:10BB60006B7003F0DBFC304670BD00BFCB7B002068
:10BB7000CA7B002010B40A46012A8479417903D196
:10BB800032216FF0090009E0022A2CD10B19702B29
:10BB900000DC3CB9022232216FF005005DF8044B55
:10BBA000FFF7B8BF124BAA221A7001229A70002226
:10BBB000DA709A7140225A701A194220D9710D21F7
:10BBC0001871517232200A21342C5871917203D9A4
:10BBD00035221A720222D3E7002CFBD004F10B02AB
:10BBE0005A701C72F6E76FF001005DF8044B704765
:10BBF000CB7B00202DE9F74F057982794379877A4D
:10BC000090F80BB000920E46691E0229044608D92E
:10BC100072B228216FF0010003B0BDE8F04FFFF7CA
:10BC200079BF0A2BF4D89BB9B0F8088098FA98F835
:10BC30001FFA88F8012E57D1204601F0C2F807F10B
:10BC40001103984207D0324628216FF00500E3E740
:10BC50004FF00008EEE7DFF85891DFF84CA1D9F873
:10BC6000003001930AEB03003A4604F10F0105F09E
:10BC700027FE019BBBF1040F3B44C9F800302FD1D4
:10BC8000022D27D0DBB252465FFA88F10020F4F78C
:10BC9000C9FE04460DE0524629460020F4F7C2FED4
:10BCA0000446D9F800205FFA8BF393420BF1010BA5
:10BCB000F1D3ACB999F800303B4A5FFA88F12046DD
:10BCC000F4F7F4FE80B1C9F80040012228214FF0BA
:10BCD000FF30A1E72C464FF0000B5FFA88F5E0E754
:10BCE0000023C9F80030F0E7DFF8C880DFF8C0B003
:10BCF00098F80030012B12D1F5F774FBDBF8002027
:10BD0000294B0C0A9C54134406325970010E997049
:10BD1000010CD970010A1971CBF800205871234C1D
:10BD2000AA2323702823002546F040066371009B58
:10BD30002671E570A3712E46012704F1080ADBF88D
:10BD40000020B24205D80020CBF8000003B0BDE8C7
:10BD5000F08FA2EB0609B9F1360F134BA77088BF1D
:10BD60004FF0360903EB06014A46504698BF0125BD
:10BD700005F0A6FD98F800305FFA89F1012BE1711A
:10BD800002D10DB18B1FE37104EB09030D200A31C1
:10BD9000C9B218720A20587261702046013703F048
:10BDA000BDFB4E44FFB2CAE7BC6B0020CB7B00203A
:10BDB000C47B0020CA7B00202DE9F04F87B090F8AB
:10BDC00004B0837902930BF1FF32B0F80D30049385
:10BDD000022AC37B0393457990F80A90B0F80B30A0
:10BDE00080460C4608D962B222216FF0010007B0EC
:10BDF000BDE8F04FFFF78EBE202DF4D8A5B9457AE7
:10BE0000DFF874A1564A0192012C1AD15BBA404660
:10BE10009FB200F0D6FF07F11202904216D02246E0
:10BE200022216FF00500E2E7012D08D0AA1ED2B250
:10BE30000D2A98BF1546DFF844A14A4AE3E70925D1
:10BE4000F9E762B222216FF00400D0E7464E474C7A
:10BE500030683A4608F11001204405F031FDBBF18D
:10BE6000020F376024D14FF000085B460CE008EB6E
:10BE70000901012304EB0802C9B22846D04708F1A2
:10BE8000010803465FFA88F832689045EFD30593BE
:10BE9000049B5FBABFB23846F4F77EFA039B012BCE
:10BEA000059B13D15BB1012222214FF0FF309EE7A9
:10BEB0003B46224649462846D0470346E7E73368D3
:10BEC0002A4A28464946019DA8470346002BEAD145
:10BED000274D2B78012B0FD1F5F784FA33680A0A26
:10BEE000E2541C44020EA270020CE2700633020AF5
:10BEF00061702271336060711E4C1C49A772AA23C5
:10BF000023700023E3704123237122236371029B7A
:10BF1000A3713B0A376863720123A3703A4684F821
:10BF2000079004F10B0005F0CBFC2A781148012A98
:10BF3000FBB20CBF9A1F1A46274403F10D0363702E
:10BF400008BFD2B20D232272FB720A233B736178C1
:10BF500003F0E4FA0020306007B0BDE8F08F00BFC6
:10BF6000AFBA03007DBA0300C47B0020BC6B002085
:10BF7000CA7B0020CB7B002097BA030065BA030080
:10BF80002DE9F04F87B083790293837A0193437B45
:10BF90000393837B0493C37B90F804A090F80590EF
:10BFA000B0F80B80059304460F4600F0FDFE0546F1
:10BFB000F0B9667906BB667A694A6A4BB9F1000F37
:10BFC0000CBF93469B46684A684B0CBF9146994606
:10BFD00098FA98F8012F1FFA88F817D1204600F038
:10BFE000F0FE08F11203984200F0A1806FF0050501
:10BFF000284607B0BDE8F08F012E05D0B31EDBB296
:10C000000D2B98BF1E46D7E70926D5E7022F02D091
:10C010006FF00105ECE7204600F0D3FE1228E5D1D1
:10C02000BAF1030F09D1F3E75A4621463046FFF72C
:10C03000D1FC059B012B054608D14D4B4A462146B4
:10C040003046C3F80080FFF7C5FC0546494BDFF8D2
:10C0500020811B78012B12D1F5F7C4F9D8F8002004
:10C06000454B0C0A9C54134406325970010E9970CA
:10C07000010CD970010A1971C8F8002058713F4CA1
:10C08000AA23237016236371029BA371039B63721F
:10C0900047F04007049B27714FF0000AE570A37238
:10C0A0005646012704F10B0BD8F80020B24203D802
:10C0B0000023C8F800309BE7802A94BF019B0199B8
:10C0C000A77098BF9919A2EB06092B4B98BFC9B26C
:10C0D000B9F1330F88BF4FF03309E1714A4603EBE2
:10C0E0000601584698BF4FF0010A05F0E9FB214BC5
:10C0F00018785FFA89F10128217204D1BAF1000F92
:10C1000001D0881F207204EB09004FF00D0C0D3197
:10C1100080F80BC0C9B24FF00A0C80F80CC06170F7
:10C120002046013703F0FAF94E44FFB2BCE7104B4A
:10C1300011481D684246284404F1100105F0C0FB77
:10C140000B4B4544BAF1030F1D607FF46DAF3A46C7
:10C150001621002007B0BDE8F04FFFF7DBBC00BFA1
:10C1600097BA030065BA0300AFBA03007DBA0300B3
:10C17000C47B0020CA7B0020BC6B0020CB7B00204E
:10C180002DE9F843DFF80081D8F80090B9F11F0FCE
:10C1900004466FD8394FC278602303FB09F3F918BE
:10C1A000FA5404234B704379012B4AD109238B7035
:10C1B000B4F80730602505FB09755BBA6B82637ABA
:10C1C00085F82A30A37A2B74E37A2B75207B2C4BCD
:10C1D00085F852000026C0005E7101F053FFA8658B
:10C1E00095F852500D3433463246D9B28D4204F19F
:10C1F000040400F108002AD8602303FB097300251A
:10C200005A65D8F800300133C8F800301D4CAA2315
:10C210002370072363700123A37051232371E570FA
:10C22000FFF752FC6378023BDBB20D22E254234459
:10C230000A225A702046617803F070F92846BDE85A
:10C24000F8839A1ED2B2082A98BF1346AFE714F8B3
:10C25000041C00F8081C14F8031C00F8071C14F850
:10C26000021C00F8061C14F8011C00F8051C0A4406
:10C270000133BAE76FF00705C8E700BF407D002033
:10C28000D8310020CB7B0020387D00202DE9F047FD
:10C290006C4FDFF8B8813D681F2D044600F2CA805C
:10C2A000C27860236B4308EB0306013A08F80320C9
:10C2B000012373704379012B40F0A7800923B370E9
:10C2C000B4F80720602303FB058352BA5A82B4F8FE
:10C2D0000930E27A5BBA012A9BB205D0022A40F00B
:10C2E000AD804FF47A7253434FF0600909FB058922
:10C2F000C9F80430237B89F81430607B89F8180072
:10C30000C00001F0BFFE002299F81830C9F82000E3
:10C3100004F10E01964600F102095FFA82FC9C4589
:10C3200001F1030177D34FF0600909FB058903EBA5
:10C33000430303F10E02C9F81CE0A25C89F828202F
:10C3400003F10F0203F1100AA05C20F07F0189F8CD
:10C350002910A15C01F0400189F82A10010613D5CB
:10C36000A25C02F03F0289F82C2014F80A1089F828
:10C370002D1003F1120A1133E05CA9F82E001044CD
:10C3800001F080FEC9F830004FF0600914F80A008F
:10C3900009FB058989F8340050B101F073FE0AF1F8
:10C3A000010199F83420C9F83800214405F088FAD1
:10C3B000602303FB0585EA6995F834301344B3F52F
:10C3C000006FEB613AD83B6801333B6000251E4C9F
:10C3D000AA232370082363700123A3704F232371C2
:10C3E0003378E57001336371FFF76EFB6378023BCE
:10C3F000DBB20D22E25423440A225A7020466178AF
:10C4000003F08CF82846BDE8F0879A1ED2B2082ABD
:10C4100098BF134653E711F803CC00F832C011F867
:10C4200002AC11F801CC4CEA0A2C29F832C0E644DF
:10C43000013272E76FF007054646C8E76FF0010565
:10C44000C5E700BF387D0020CB7B0020407D002069
:10C450002DE9F047874FD7F80080B8F11F0F044649
:10C4600000F20281844EC278602303FB08F3F118C6
:10C47000F25400234B704379012B40F0D480092300
:10C48000602505FB08658B70A3792B74B4F8073021
:10C490005BBA6B82637A2B75A07A784B28764FF063
:10C4A0000009C00083F8059001F0ECFD2A7E2862A7
:10C4B0004B4604F10B05CC4600F1020ED9B2914275
:10C4C00005F10305C0F0B5804FF0600909FB08696C
:10C4D00002EB420199F81430C9F81CC0062B01F197
:10C4E0000B0A40F0B580013A02EBD2725510284693
:10C4F00001F0C8FD2A465544ADB204EB0A01C9F863
:10C50000240005F0DDF96319625D5B78023543EACA
:10C510000223A9F850301FFA85FA04EB0A0314F835
:10C520000A205B78564943EA022308880AF102028E
:10C5300092B24FF06009984209FB086938BF0B803E
:10C54000A35C89F828300AF103039BB20AF10405C1
:10C55000E15C21F07F0289F82920E25C02F04002D0
:10C5600089F82A200A06ADB217D5E35C03F03F0331
:10C5700089F82C30625D89F82D200AF106050AF150
:10C58000050A1FFA8AFAADB214F80A00A9F82E00BB
:10C59000184401F077FDC9F830004FF06009605D84
:10C5A00009FB086901351FFA85FA89F8340014FA85
:10C5B00085F540B101F066FD99F83420C9F83800DE
:10C5C000294605F07DF9602303FB0866F26996F8B9
:10C5D00034301344F3616A7814F80A10B3F5006F2D
:10C5E00042EA0122F28242D83B6801333B600025D7
:10C5F000244CAA232370072363700123A3704E23C6
:10C600002371E570FFF760FA6378023BDBB20D221D
:10C61000E25423440A225A702046617802F07EFFD9
:10C620002846BDE8F0879A1ED2B2082A98BF134662
:10C6300026E715F8031C00F8331015F8029C15F8CE
:10C64000011C41EA09212EF833108C44013335E7EF
:10C65000043B012B3FF661AFB4F811305BBAA9F887
:10C66000503001F10D0A58E76FF00705C0E76FF091
:10C670000105BDE7387D0020407D0020D831002035
:10C68000C87B0020CB7B00202DE9F0474B4FD7F82B
:10C6900000A0BAF11F0F044600F28980DFF82C8158
:10C6A000C278602303FB0AF308EB030108F80320B8
:10C6B00000234B704379012B73D10923602505FBBF
:10C6C0000A858B70A3792B74B4F807303C4A5BBAA7
:10C6D0006B8200232B75537103232B76182001F0F6
:10C6E000D1FC2862637A037063895BBA43809EB28F
:10C6F000237B0372B4F80D305BBA4381E07B85F88D
:10C7000034001FFA83F940B101F0BCFC95F83420E5
:10C71000A86304F1100105F0D3F8602202FB0A823D
:10C7200092F83450D56105F11003D2F820C0E05CD6
:10C730008CF8100023445878ACF8120006EB09037B
:10C740002B440344D36105F11202A15C14446278C6
:10C7500042EA01221B490888904238BF0A80B3F59B
:10C76000006F27D83B6801333B600025164CAA2395
:10C770002370072363700123A37049232371E5709D
:10C78000FFF7A2F96378023BDBB20D22E2542344A7
:10C790000A225A702046617802F0C0FE2846BDE8A1
:10C7A000F0879A1ED2B2082A98BF134686E76FF028
:10C7B0000705DBE76FF00105D8E700BF387D0020F3
:10C7C000D8310020C87B0020CB7B0020407D00209A
:10C7D00070B5304E33681F2B054654D82E492F4C68
:10C7E00002234B71A3700379C2786270012B44D18C
:10C7F0000923E370EB885BBA23822B89AA7A5BBAA0
:10C80000012A9BB204D0022A40D14FF47A725343DA
:10C8100063600B60EB7A2375AB895BBAE382AB7B19
:10C820002376E87B607638B101F02CFC627E2062D2
:10C8300005F1100105F044F8AB7C84F8283033682A
:10C84000013333600025164CAA232370072363703D
:10C850000123A37047232371E570FFF735F963784F
:10C86000023BDBB20D22E25423440A225A702046D6
:10C87000617802F053FE284670BD9A1ED2B2082A93
:10C8800098BF1346B5E76FF00705DCE76FF00105C9
:10C89000D9E700BF387D0020D83100207C890020F6
:10C8A000CB7B00201A4B1B6870B505463BB1C478A2
:10C8B0001CBB00F081FF174B1C70174B1C80174CE2
:10C8C000AA2323700723637000260123A370E67058
:10C8D000AB7843F040032371FFF7F6F863789A1EB4
:10C8E000D2B2013BDBB20D21A1540A22E254204610
:10C8F000617802F013FE304670BDFF2C04D1054B69
:10C900001C7001F0CDFFDAE7012CD8D1F7E700BFAA
:10C91000387D0020BB6B0020C87B0020CB7B002033
:10C920002DE9FF47DFF8B481DFF8B4910446102207
:10C930000021684604F09CFED8F800601F2E00F22B
:10C94000C480E2786023734309EB0307013A09F8D6
:10C95000032001237B706379012B40F0A080092321
:10C96000BB70B4F80720602303FB069352BA5A82C7
:10C97000B4F80930E27A5BBA012A9BB205D0022AE8
:10C9800040F0A7804FF47A725343602505FB06926E
:10C990005360072313750023137694F80DC0237B8F
:10C9A0008DF80030BCF1000318BF01231376A17B82
:10C9B0008DF80810E17BADF802C0ADF80A1009B19E
:10C9C0000133137605FB06956144287EE961C000BA
:10C9D00001F058FB4FF0000C28622A7E5FFA8CF3BE
:10C9E0009A4262D8237C85F82830627C22F07F034B
:10C9F00085F82930637C03F0400385F82A3013065C
:10CA000061D5637C03F03F0385F82C30A27C85F868
:10CA10002D20E07CE885184401F034FB28631425C0
:10CA20004FF0600A605D0AFB069A8AF8340048B14C
:10CA300001F028FB691C9AF83420CAF83800214418
:10CA400004F03EFF602303FB06960025F36996F889
:10CA500034201344F361D8F800300133C8F80030B3
:10CA60001D4CAA232370082363700123A370442361
:10CA700023713B78E57001336371FFF725F8637824
:10CA8000023BDBB20D22E25423440A225A702046B4
:10CA9000617802F043FD284604B0BDE8F0879A1E95
:10CAA000D2B2082A98BF13465AE7D5F820E00DEB1A
:10CAB000C30203CA0EEBC30A4EF833000CF1010C9B
:10CAC000CAF8041089E71225AAE74F466FF0070558
:10CAD000C6E76FF00105C3E7CB7B0020387D00205F
:10CAE000407D002038B5B0F80530C2795BBA012A24
:10CAF0009BB204D0022A21D14FF47A725343144AD4
:10CB0000144C136001235371AA222270A3700722D0
:10CB10000025432362702371E570FEF7D5FF63782B
:10CB20009A1ED2B2013BDBB20D21A1540A22E2547B
:10CB30002046617802F0F2FC284638BD90F90220C8
:10CB4000BDE8384000216FF00100FEF7E3BF00BFF1
:10CB5000D8310020CB7B002038B5022903792DD1B4
:10CB6000032B23D11A4A012313701A4A002513718B
:10CB7000194CAA232370082363700123A37041F08A
:10CB80004001292321716371E570FEF79DFF6378F1
:10CB90009A1ED2B2013BDBB20D21A1540A22E2540B
:10CBA0002046617802F0BAFC284638BD042B0BD130
:10CBB000074B00251D70074B1D71D9E7022B8CBF59
:10CBC0006FF004050025D3E76FF00405D0E700BF40
:10CBD000CA7B0020D8310020CB7B002070B5406894
:10CBE000114C00BA0D46F3F7D7FBAA232370082394
:10CBF00063700123A37000261A2345F0400563717A
:10CC0000E6702571FEF760FF63789A1ED2B2013B91
:10CC1000DBB20D21A1540A22E2542046617802F0D1
:10CC20007DFC304670BD00BFCB7B0020012970B574
:10CC30000D4625D103794179022B24D81846F4F703
:10CC4000B5FB0026114CAA2323700823637001232F
:10CC5000A37045F040050B236371E6702571FEF764
:10CC600033FF63789A1ED2B2013BDBB20D21A1548F
:10CC70000A22E2542046617802F050FC304670BD32
:10CC80006FF00406DEE74FF0FF36DBE7CB7B0020DA
:10CC9000012970B50D4624D10279B2FA82F2520907
:10CCA0000920F4F703F900260F4CAA23237045F05E
:10CCB000400508236370257101230A25A370E670DF
:10CCC0006571FEF701FF63789A1E013BD2B2DBB2B9
:10CCD0000D21A154E5542046617802F01FFC304636
:10CCE00070BD6FF00406DFE7CB7B002070B5104C01
:10CCF000AA232370032201236271A3710A26A37061
:10CD000000254379E37141F0400121716670E570BF
:10CD1000FEF7DAFE63789A1E013BD2B2DBB20D2138
:10CD2000A154E6542046617802F0F8FB284670BD15
:10CD3000CB7B00202DE9F041044690B10378AA2B6B
:10CD40000FD18578C378012D0DD1442B9FB208D81F
:10CD5000144A02EBC3035E79DEB9124B53F8373045
:10CD6000EBB9BDE8F081022D07D1442B9FB2F8D872
:10CD70000C4A02EBC3031E79EEE73335442DF0D89D
:10CD8000084B53F83530002BEBD00121BDE8F041C2
:10CD90001847204600F015F88642E2D1DDE7294623
:10CDA0002046F3E7884D040003794279013B022BCA
:10CDB00094BF00206FF00100212A28BF6FF001000E
:10CDC00070474378022B0BD9184410F8022C0D2A17
:10CDD00006D110F8012C0A2A18BF00231846704704
:10CDE0000023FBE701292DE9F0410F4643D1B0F8BC
:10CDF000055090F804806DBAADB240F6E4439D4210
:10CE00003ED8B8F1010F3BD81F4B204C19882BD1CD
:10CE1000002D08BF4FF42F652846F4F717FB0026B6
:10CE200025801B4CAA2323700B236370012347F03A
:10CE30004001A37063712B0A2171E371E67084F8DD
:10CE400006802572FEF740FE63789A1ED2B2013B3F
:10CE5000DBB20D21A1540A22E2542046617802F08F
:10CE60005DFB3046BDE8F08100260020F4F7EEFAC5
:10CE7000B0462680D5E70026B0464FF6FF75D0E7CE
:10CE80006FF00106CDE700BFCC7C0020CA7C0020FB
:10CE9000CB7B002001292DE9F0410F4644D1B0F8A9
:10CEA000055090F804806DBAADB240F6E4439D425F
:10CEB0003FD8B8F1010F3CD81F4B204C18882CD11B
:10CEC000002D08BF4FF4E1652946F4F7BFFA0026AC
:10CED00025801B4CAA2323700B2363700123A370AE
:10CEE000022347F0400163712B0A2171E371E67060
:10CEF00084F806802572FEF7E7FD63789A1ED2B2A9
:10CF0000013BDBB20D21A1540A22E2542046617894
:10CF100002F004FB3046BDE8F08100260021F4F762
:10CF200095FAB0462680D4E70026B0464FF6FF7546
:10CF3000CFE76FF00106CCE7CA7C0020CC7C002054
:10CF4000CB7B002001292DE9F8430E4636D190F81D
:10CF5000048047794046F3F795FC012F33D8B8F1A8
:10CF6000000F30D139464046F3F788FC003818BF2F
:10CF700001204542154CAA23237001234FF00A09D2
:10CF8000A37046F040060923637184F80190E570B0
:10CF9000267184F80680E771FEF796FD63789A1E85
:10CFA000013BD2B2DBB20D21A15404F8039020461C
:10CFB000617802F0B3FA2846BDE8F88300276FF0E5
:10CFC0000405B846D6E76FF00105D3E7CB7B002018
:10CFD000012970B50E4639D105794DBB2A46062187
:10CFE0002846F3F747FB003818BF01204442284683
:10CFF000F3F748FC164DAA232B7008236B7001230E
:10D0000046F04001AB70112329716B71EC70FEF793
:10D010005BFD6B789A1ED2B2013BDBB20D21A954A5
:10D020000A22EA542846697802F078FA204670BD50
:10D03000012D0BD10020F3F7A3FB00210846F3F7E5
:10D040001DFC003818BF01204442D3E70024D1E77B
:10D05000CB7B002001292DE9F047894666D18688DF
:10D06000B0F8075090F806A090F8098076BAB6B2EA
:10D0700040F6E4436DBA9E42ADB25DD89D425BD8A6
:10D080004AEA0803012B57D82D4CBAF1010F218829
:10D090003FD1002E08BF4FF42F663046F4F7D6F983
:10D0A0003046284BB8F1010F188037D1002D08BF4A
:10D0B0004FF4E1652946F4F7C9F925800027224C91
:10D0C000AA2323700E2363700123A37014236371BA
:10D0D000330AA37149F040092B0A6372E77084F8A0
:10D0E0000490E67184F808A0A57284F80B80FEF71E
:10D0F000EBFC63789A1ED2B2013BDBB20D21A15446
:10D100000A22E2542046617802F008FA3846BDE867
:10D11000F0870020F4F79AF90020C2E700214FF0D1
:10D120000008F4F793F9A4F80080C7E700273D460C
:10D130003E46B846BA46C2E76FF00107BFE700BFF8
:10D14000CC7C0020CA7C0020CB7B00202DE9F04F56
:10D150009846C3885BBA138003895BBAA8F800308D
:10D16000B1F900300888002B85B00D4617463CDB2E
:10D17000002634464FF0010B29880BFA06F292B2D2
:10D180000A42F3B218D0398801930A42B8F8001065
:10D1900014BF4FF0010A4FF0000A0A4214BF4FF0CB
:10D1A00001094FF0000918464A465146F3F77EFE42
:10D1B000019B40B14FF0FF3401360A2EDCD12046EE
:10D1C00005B0BDE8F08F0DF10F020DF10E0118460C
:10D1D000F3F798FE0028EDD19DF80E305345E9D1C4
:10D1E0009DF80F304B45E5D1E6E7C0F30E0008800F
:10D1F000B8F800203988003A18BF0122003918BF5A
:10D200000121C0B2F3F752FE003818BF012044429A
:10D21000D5E700002DE9F34183880F465BBA012F63
:10D220009AB219B2ADF8023008D10DF1060301AA85
:10D230000DF10201FFF78AFF05462DE00024A1420F
:10D24000ADF80440ADF806404CDB25464FF0010830
:10D25000BDF8023008FA04F6B6B21E42E0B218D0A9
:10D260000DF101026946F3F74DFE002837D19DF814
:10D270000030012B02BFBDF804303343ADF8043059
:10D280009DF80130012B04D1BDF806301E43ADF8E6
:10D2900006600134092CDBD1274CAA23237001231B
:10D2A000A37047F040032371012F4FF01503E57081
:10D2B00063712ED108236370FEF706FC63781E4865
:10D2C0009A1ED2B2013BDBB20D21A1540A22E254D4
:10D2D000617802F023F9284602B0BDE8F0814FF0F2
:10D2E000FF35D6E7C2F30E00ADF802000DF10102E2
:10D2F0006946C0B2F3F706FE40B99DF80030ADF8BC
:10D3000004309DF80130ADF8063095E74FF0FF3559
:10D31000C2E70E236370BDF80230E3711A0ABDF84C
:10D320000430A27163721A0ABDF8063022721A0A1A
:10D33000A272E372C0E700BFCB7B002001292DE978
:10D34000F0470E463ED190F804A090F8058087790A
:10D3500090F807900020F3F713FABAF1010F38D1D3
:10D36000B8F1030F35D8424649460020F3F782F959
:10D37000003818BF01204542174CAA2323700C2304
:10D3800063700123A37046F0400619236371E570B2
:10D39000267184F806A084F80780277284F8099023
:10D3A000FEF792FB63789A1ED2B2013BDBB20D21ED
:10D3B000A1540A22E2542046617802F0AFF82846D0
:10D3C000BDE8F08700276FF00405B846B946BA46B5
:10D3D000D2E76FF00105CFE7CB7B002030B5022903
:10D3E00085B031D11A4C6846F3F702F84222227117
:10D3F0001F22AA236271BDF8062023700F23110A91
:10D400006370E2710123BDF80020A370A37286232C
:10D410000025A171E372110A9DF804302172627235
:10D420002373E570FEF750FB63789A1ED2B2013B7E
:10D430000D21DBB2A1540A22E2542046617802F0A9
:10D440006DF8284605B030BD6FF00400FAE700BF64
:10D45000CB7B0020012910B528D1426813BAF2B164
:10D46000A3F52032B2F5582F04D303F16042B2F590
:10D47000802F17D213F0010414D1124A1249C2E9C5
:10D480003D131B68114A03F16043013B934212D9DB
:10D49000012230210220BDE81040FEF73BBB4FF4D3
:10D4A0007023E7E7012230211046F4E74AB26FF01B
:10D4B00004003021EFE70A20F2F76EFFF2F784FF55
:10D4C000204610BD00FF0320434F494EFEFF0300DE
:10D4D000012908B507D04AB2BDE8084031216FF0F4
:10D4E0000400FEF717BB074B074AC3F8F420074BAD
:10D4F0004FF470220A201A60F2F74EFFF2F764FF31
:10D50000002008BD00FF0320434F494E003000209B
:10D510003B289EBF014B01221A54704740890020CE
:10D52000024A13780133DBB213707047CF7C0020BE
:10D530001FB50023CDE9002300234FF47A7202F0D7
:10D54000F5FC0122CDE902016946034801F0FCFA2D
:10D5500005B05DF804FB00BFD9E4030007B59BB23A
:10D56000009313460A4601460020F3F70DFA03B074
:10D570005DF804FB07B59BB20093134641F08002AF
:10D5800001460020F3F752FB03B05DF804FB10B531
:10D590000446006818B102F093FE0023236010BD1A
:10D5A000F0B5836B85B0002604468DF80E60002B25
:10D5B00034D1237D012B60D1A07894F82950002824
:10D5C0006CD155B1E28D94F82C3094F82D10A07CDC
:10D5D0001344226BFFF7C2FF05460026237EF1B2FB
:10D5E0008B424ED894F829306BB165B9226B94F810
:10D5F0002C30E18D00911344A17C94F82D20284615
:10D60000F3F760F905463D4B1B79012B03D1F3F786
:10D61000E9FEC4E91201284605B0F0BD4378012BAC
:10D62000C7D1374F10E0A36B585D3B5C012B11D184
:10D6300094F82A30E26B003B18BF01235355A36BCB
:10D640005B5D0022FA54013694F83430F5B2AB42F7
:10D65000E9D8AEE70DF10E020DF10F01F3F752FC20
:10D66000E36B18B99DF80E205A55ECE794F82A2080
:10D670000AB90122F8E70022F6E7072B9CD0022521
:10D68000C9E7206A00EBC10210F831105388A07C72
:10D690005268FFF763FF013605469FE74DB1E28D03
:10D6A00094F82C3094F82D101344226BFFF762FF8E
:10D6B00005460026237EF1B28B4212D894F8293019
:10D6C000002BA0D0002D9ED1226B94F82C30E18D40
:10D6D00000911344A17894F82D202846F3F72EFAF0
:10D6E00090E7206A00EBC10210F831105388A0784F
:10D6F0005268FFF73FFF01360546DBE7D8310020CF
:10D70000408900202DE9F341037D012B054601D01E
:10D71000072B4DD1AE78002E46D0002634464FF070
:10D72000010895F85220F3B29A4231D9AA6DA9782E
:10D7300002EBC307002012F83320CDF800807B1CD9
:10D74000F3F7FCF9044630B9FB787A68B978A87821
:10D75000FFF710FF04460136E3E7AA6DA97C02EB50
:10D76000C307002012F83320CDF800807B1CF3F7AC
:10D77000A9F8044630B9FB787A68B978A87CFFF735
:10D78000EDFE0446013695F85220F3B29A42E4D8F1
:10D79000084B1B79012B03D1F3F724FEC5E91201D5
:10D7A000204602B0BDE8F08134464FF00108EAE7B8
:10D7B0000224F5E7D83100202DE9F04F4FF00009A1
:10D7C000DFF814A2794EADF5037DC8464D46DAF870
:10D7D00000305FFA89FB5B4512D80020CAF80000D0
:10D7E000002D00F09980F2F785FE714B1B78002B1D
:10D7F00040F0D7806F4A13700DF5037DBDE8F08FC0
:10D800006D4B5B79022B12D16C48FFF7C0FE6C4860
:10D81000FFF7BDFE6B48FFF7BAFE6B482C220021D4
:10D8200003F026FF0135EDB209F10109CFE76024CD
:10D8300004FB0BF437197B7813F0FB0231D1634BF7
:10D84000387C1A70F2F76DFE08F101085FFA88F86B
:10D85000602303FB0B631A7D012A5BD9186A04302D
:10D86000FFF795FE04F120003044FFF790FE04F12D
:10D8700024003044FFF78BFE04F138003044FFF7FA
:10D8800086FE04F13C003044FFF781FE04F15800AD
:10D890003044FFF77CFE60220021384603F0E8FEAA
:10D8A000C2E7012BD4D1BB6B7BB90135EDB2CFE719
:10D8B000B96B0093885CF3F741FC009B013397F848
:10D8C0003410DAB29142F3D8EFE70023F7E7186A91
:10D8D000019200EBC10004300093FFF758FE019A5B
:10D8E000009B0132187ED1B28842F0D8602200231A
:10D8F00002FB0B6B9BF85210DAB29142B2D9DBF803
:10D900005800009300EBC2000430FFF740FE009B7C
:10D910000133EFE70022E5E7B8F1000F3FF465AF10
:10D9200001F0A2F92A482A4E01F0C2F984B2254634
:10D93000B5F5007F1CD2630AC3EBC31304EB432489
:10D94000A4B28CB14FF40072002102A803F090FE43
:10D950001F48224602A901F0F1F928B9144B2246CA
:10D96000187802A9F3F73AFC194801F093F93CE75B
:10D970004FF40072002102A803F07AFE4FF4007207
:10D9800002A9304601F0DAF90028D1D1084B4FF452
:10D990000072187802A9A5F50075F3F71FFCADB267
:10D9A000C6E70C4B00221A7026E700BF407D00201E
:10D9B000E3310020BA6B0020D83100209889002084
:10D9C0009C890020A08900207C890020CE7C00203A
:10D9D000A0B10020D0510020387D00202DE9F04F6B
:10D9E000B84AB94C1378013BDBB289B013700023FD
:10D9F000CDE90333B54B02939DF810300193B44B3E
:10DA00001B680093DDE90023934250D3039B002B56
:10DA100041D0029B1B7D072B3DD1AE48AB4FFF226F
:10DA2000002103F025FE4FF00008AB4B44464FF0B9
:10DA3000600A009A5FFA88F5AA4200F29182A74A2A
:10DA40001279012A0DD1D7E91221080A5970110E55
:10DA50009970110CD9700634110A187019715A7125
:10DA6000A4B29C4DAA232B7086232B71A2460027BB
:10DA7000012605F105084FF0FF09C6EB4613DB0050
:10DA8000083303F0F803A342C0F0B882924822465C
:10DA9000002103F0EDFD924B1A78012A40F0DB8261
:10DAA00000221A7009B0BDE8F04FFFF785BE8B4B1E
:10DAB0005B790093012B40F08481DFF81092019A8A
:10DAC000602303FB02930293DB68002B40F0CA80C3
:10DAD000019B4FF0600808FB03F809EB0806757816
:10DAE000B368F360012D63D10298FFF759FD074633
:10DAF00000285DD1019B039A05FA03F31A4393B200
:10DB00000393337D072B53D00146FF22714803F066
:10DB1000AFFD19F808A0D6F81C8005FA0AFA1FFA1A
:10DB20008AF305936C4B327E5FFA87FB5A4500F20D
:10DB3000A38096F8347037B11846F16B3A4603F07B
:10DB4000BFFE03463B44059A83F801A0120A1A70EF
:10DB5000624A1279012A00F09F8008F10208B8F1A8
:10DB6000F80F40F2AC80404601F0ACFE5D4B002265
:10DB700002F04CF841EC100B01F0DAFC51EC100B08
:10DB800002F0B4F9C0B2534EAA2333700130872398
:10DB90003371C3B20593504BC14606F1050B059A8C
:10DBA000954240F0A1804C484246002103F060FDC0
:10DBB000019B464E60277B4306EB03081F4698F8FF
:10DBC0000130032B54D10298FFF79CFD0546002835
:10DBD0004ED198F81430072B4AD00146FF223D4819
:10DBE00003F046FDF35DD8F854704FF0010909FACF
:10DBF00003F9394B1FFA89FA98F85220EEB2B24273
:10DC000000F2A08002374FEA1A2AF82F83F800A00A
:10DC100083F8019040F2A480384601F053FE314B66
:10DC2000002201F0F3FF41EC100B01F081FC51ECFC
:10DC3000100B02F05BF9C0B2264DAA232B70013005
:10DC40009A232B71B846C3B24FF0F80A05F1050BC1
:10DC5000009A9A4240F086803A4600211E4803F01E
:10DC600007FD05E0029A013BD360002B3FF430AF83
:10DC7000049B01330493BFE6326A02EBCB0B1846D8
:10DC8000BBF80220DBF8041003F01AFEBBF80220F8
:10DC900003461344013746E70199602202FB0199CC
:10DCA000D9E91221080AD970110E1971110C597194
:10DCB000110A98709971DA7108F108084FE701208C
:10DCC00061E700BFCF7C00207C890020407D0020E0
:10DCD000387D0020A8890020A85F0020D8310020CE
:10DCE000BB6B002000006F40B9F1F80F93BF5FFAE3
:10DCF00089F2F82245F08001294602F1070A98BF0F
:10DD0000571DB1705FFA8AFA05F1FF314FF0F80044
:10DD100000FB01318CBFFD27FFB286F801A05846F9
:10DD200088BFA9F1F80903F0CBFD0D22F255374465
:10DD30000A22AE487A700135514601F0EFFBEDB290
:10DD4000AB4B2CE7D8F8582002EBC6061846F27801
:10DD5000716803F0B5FDF2780346134401354BE7D3
:10DD6000012069E7B8F1F80F25D9009AA8F1F80861
:10DD700042F08001FD26F8220193009BA97002F178
:10DD80000709591E9A4B5FFA89F90AFB013185F898
:10DD90000190584603F094FD0D22AA55009B93482C
:10DDA0002E440A2272705A1CD3B24946009301F0E5
:10DDB000B5FB019B4CE75FFA88F2561D0099F6B25D
:10DDC000DAE7A378022B7FF453AFE36843BBA36881
:10DDD000E360236A00258DF81E50002B4FD1627836
:10DDE000E38A002A4ED094F82890B3FBF9F200267B
:10DDF0001FFA82F809FB123537463046B3B2984510
:10DE000000F28E80002D45D0E38A94F82850E26914
:10DE1000B3FBF5F6E078217D3A4405FB163334E098
:10DE2000013BE360002B7FF423AFD0E7236ADE5D84
:10DE30000DF11E020DF11F013046F3F763F818F8DB
:10DE40000630012BDAB20ED1636ADA559DF81E3026
:10DE5000581E4342434108F806300135637EEFB255
:10DE6000BB42E3D8BBE79DF81E30591E4B424B41E5
:10DE700008F80630636A18F80620DA55EDE7DFF88F
:10DE80007881EBE7E078217DE26900285AD1207C97
:10DE9000FFF764FB00287FF4EBAE0146FF225348F6
:10DEA000DFF84C9103F0E4FBE78AE1693A46484623
:10DEB00003F006FD627E22B1616A09EB070003F000
:10DEC000FFFC4A4DAA232B70002288232B71BA46EF
:10DED000904605F1050B531C0093F8235A43BA42B0
:10DEE0009DF80000BFF4B8AEBAF1F80F09EB0801D5
:10DEF000A8702AD9FF226A705846F82203F0E0FC85
:10DF0000AAF1F80A08F1F808FD260D22AA552E44B8
:10DF10000A2272706978284601F000FB009ADAE75D
:10DF2000E269E078217D3A444B4640B9207CFFF716
:10DF300015FB94F828303B449FB201365EE7FFF7AB
:10DF400019FBF6E7FFF716FBA4E75FFA8AF6F21D66
:10DF50006A7058465246053603F0B2FCF6B2D4E772
:10DF6000039A2A41D20722D5224B00220AFB053709
:10DF700018461346D1B2A94200F1600020D31C4AD2
:10DF800013441C4A4FF0000B0AFB052999F818208E
:10DF90005FFA8BF6B24219D899F834603EB1184650
:10DFA000D9F83C10324603F08BFC03463344114A47
:10DFB0000AFB052508F10108EA69224494B238E514
:10DFC00050F8441C0B449BB20132D3E7D9F820200F
:10DFD00002EBC606728832B11846716803F070FC15
:10DFE0007288034613440BF1010BCFE7A889002088
:10DFF000A85F0020407D002040890020174BAE70B4
:10E00000BAF1F80F03EB070118D9AAF1F80A85F85D
:10E010000190F8224046F83703F052FC1FFA8AFAC2
:10E02000BFB2FD230D22EA542B440A2269785A70AC
:10E030002846013601F072FAF6B21EE55FFA8AFB55
:10E040000BF107036B705246404603F039FC0BF1AD
:10E050000503DBB2E6E709B0BDE8F08FA85F00205A
:10E06000064B5B795A1E012A04D8054B1B7823B155
:10E07000FFF7B4BC0BB900F0B7BD7047D831002032
:10E08000CF7C002013B5019002F012F9044618B1BC
:10E09000019A002103F0ECFA204602B010BD000006
:10E0A0002DE9F04F037E066A013B89B0054603EB7C
:10E0B000D37380787268C3F347030393738898B966
:10E0C0003178A87CFFF74AFA044673688C4E1B78B7
:10E0D00004934FF0000B039B5FFA8BF898450AD32B
:10E0E000204609B0BDE8F08F1BB13178FFF742FA46
:10E0F000EAE71C46E9E76B6A049A13F80B301A4208
:10E1000000F094804FEA48085FFA88F8D5F820902C
:10E1100008F10107FFB209EBC70ABAF80200FFF7DE
:10E12000B1FFCAF804000246A878BAF80230002805
:10E130007FD119F83710A87CFFF710FA04460023A6
:10E14000BAF802201F46D8B2904203F1010177D3FA
:10E15000002F67DDB5F9503008F102085FFA88F446
:10E16000BB424FEAC403B5F8508002932B6AA8BFA4
:10E170001FFA87F803EBC40340460093FFF782FFC2
:10E18000009B023C5860C4F347030593009BA878AA
:10E1900019785A68434600285BD1A87CFFF7DEF95E
:10E1A000FF2200210446304603F062FA029A2B6AED
:10E1B000544813444246596803F082FB95F83420D2
:10E1C000A7EB08073FB22AB14E4BE96B03EB0800FF
:10E1D00003F076FBB8F1EF0F3ED9404601F072FB39
:10E1E00045A3D3E9002301F011FD41EC100B01F030
:10E1F0009FF951EC100B01F079FEC3B20193DDF8E9
:10E200000490AA2333704246019B591CA1EB0901DB
:10E21000C9B2B9F1000F21D1002FB7DC009804304A
:10E22000FFF7B5F90AF10400FFF7B1F90BF1010BA3
:10E2300051E7002B83D019F83710FFF79BF97DE7E2
:10E24000DAF804301B5CC00083403B431FB20B462E
:10E2500079E7FFF78FF9A3E70123CFE7B9F1010FC2
:10E260001CBF61F07F03B3704FF08A033371059BCD
:10E2700008BFB170013373712B6C73724FEA136C6A
:10E2800086F806C04FEA134CEF2A86F807C04FEA1B
:10E29000132C03F101032B648CBFA2F1EF0313468F
:10E2A0004FF000000793174BF070B072F0723073AC
:10E2B000707301F1FF314FF0EF0000FB013188BFB7
:10E2C000EF2286F808C01048069203F0F9FA069A81
:10E2D000B1180D20887310320A20C873D1B20848D3
:10E2E000717001F01BF9079B09F1FF395FFA89F999
:10E2F0001A4689E7AFF300800000000000E06D409F
:10E30000A8890020A85F0020B68900202DE9F74FDA
:10E31000D0F820900646B9F80200FFF7B3FEC9F81E
:10E3200004000246B078B9F8023050BB99F80010EA
:10E33000B07CFFF713F90023B9F80210074698469E
:10E34000DAB28A4203F1010022D3B6F85000D6F8BF
:10E3500020B05B4CFFF796FE0023CBF80C00ABF827
:10E360000A800193B8F1000F1FD10BF10C00FFF7E9
:10E370000EF909F10400FFF70AF9384603B0BDE8C9
:10E38000F08F98467BB199F80010FFF7F3F8D2E7C9
:10E39000D9F804309B5CD200934048EA03031FFA8B
:10E3A00083F80346CCE71F46CFE7B6F85020019B21
:10E3B000B0789BF808104245924628BFC2464245B5
:10E3C00028BF01230193DBF80C205346002866D1B7
:10E3D000B07CFFF7C3F80746FF220021204603F078
:10E3E00047F9384B1D78384BA8EB0A081FFA88F814
:10E3F000002D57D02A461846344903F061FA314BB4
:10E40000002228441A70316A5246C96803F058FA4B
:10E41000AA2323700123A3708A23237133786371A5
:10E42000336C63721A0E5544A2711A0CEDB2E2718C
:10E430001A0A2272EF2D03F10102326434DD2249FF
:10E440002348EF2203F03CFA0D23FF2184F8FD302E
:10E4500020460A2384F8FE30617001F05FF81D4900
:10E46000A5F1EF0AEF23019A12B3524618485FFA5A
:10E470008AFA03F025FA0AF10E03DBB20D22E25408
:10E4800023440A220AF1100A5FFA8AF15A702046E0
:10E49000617001F043F800250A4B1D7062E7FFF739
:10E4A00069F898E71846AEE70749AA460023DAE775
:10E4B000ED1A2A46054803F003FAEDB2ECE700BF77
:10E4C000A8890020347D0020A85F0020D07C002097
:10E4D000B6890020976000202DE9F04F87B0002317
:10E4E00001908DF816300293C34B9DF808701B689D
:10E4F000BB4202D807B0BDE8F08FC04D60237B431C
:10E50000EE1803937478002C79D1019B327C1B6840
:10E510009A4240F0D780B36B002B40F0EE8060242D
:10E5200004FB0754237D0093012B40F045813046C6
:10E53000FFF736F8002862D1B14B93F804A0BAF186
:10E54000010F06D1019A039B9068D16848332B4490
:10E5500003C34FF0600808FB0758AA48FF220021B8
:10E5600003F086F8D8F81C40A74B4FF0000B98F842
:10E5700018205FFA8BF94A4500F2C280BAF1010F08
:10E580000DD1D8E91221080A5970110E9970110C99
:10E59000D970110A187019715A7106340633602146
:10E5A00001FB075191F834201AB1C96B184603F0EA
:10E5B00087F9F32C11D9204601F084F98CA3D3E913
:10E5C000002301F023FB41EC100B00F0B1FF51ECF4
:10E5D000100B01F08BFCC3B200938A4BDDF8008076
:10E5E000AA224FF060091A7009FB0759009B591CB9
:10E5F000A1EB0801C9B2B8F1000F40F0938060238D
:10E6000003FB07535A78042A5CD1019A197C1268DB
:10E61000914257D11C7D012C54D13046FFF772F83E
:10E6200000284FD1764B1B79012B06D1019A039B11
:10E630009068D16848332B4403C37248FF220021FD
:10E6400003F016F860237B4305EB030AEB5CDAF872
:10E65000548001269E406C4BB7B24FF000099AF8E7
:10E6600052205FFA89F5AA4200F2D88008F1020828
:10E670003F0AB8F1F80F1F705E7040F2DE8040462E
:10E6800001F020F9614B002201F0C0FA41EC100BBF
:10E6900000F04EFF51EC100B01F028FCC0B2594EB7
:10E6A000AA23337001309B233371C5B2C1464FF0AA
:10E6B000F80B731DAC4240F0C28053484246002123
:10E6C00002F0D6FF029B01330DE7B36B13F808305D
:10E6D0000DF1160219F803000DF11701F2F712FC03
:10E6E000F36B9DF8162003F80820013496F83430B7
:10E6F0005FFA84F84345E8D811E7DFF81C91F5E7A5
:10E70000D8F8202002EBC9091846B9F80220D9F838
:10E71000041003F0D5F8B9F80220034613440BF1B6
:10E72000010B24E7374BDFF8DCA0B8F1010F1CBF69
:10E7300061F07F029A704FF00002DA704FF08A02A7
:10E740001A7199F800205A71D9F8402008BF9970C1
:10E75000100E9871100CD871100AF32C18725A729E
:10E76000294B88BFA4F1F30B02F1010288BFF32407
:10E770004FF0F30001F1FF3100FB0131C9F84020F7
:10E780000AF10A00224698BFA34603F099F80AEB63
:10E7900004030D229A720A22DA7204F10C02D2B238
:10E7A0001B488AF80120514608F1FF3800F08CFA26
:10E7B0005FFA88F85C4619E7009B062B0FD1154BD2
:10E7C000012230461A70FFF76BFC0D4B1B79012BB1
:10E7D0007FF415AFF2F706FEC4E912010FE7009BC4
:10E7E000042B7FF40CAF3046FFF790FD07E700BF26
:10E7F0000000000000606E40387D0020407D002059
:10E80000D8310020A8890020A85F002000006F40B8
:10E81000A0B10020CE7C0020F0300020DAF8582093
:10E8200002EBC5051846EA78696803F049F8EA780A
:10E830000346134409F1010911E701202FE7B9F15B
:10E84000F80F93BF5FFA89F2F82244F08001214665
:10E8500002F1070A1048B17098BF571D5FFA8AFA93
:10E8600004F1FF318CBFFD27FFB20BFB010186F8DD
:10E8700001A0184688BFA9F1F80903F021F80D227C
:10E88000F25537440A227A7001345146304600F07E
:10E8900045FEE4B2014B0DE7A85F0020AD890020E2
:10E8A0002DE9F74F6C4B1A78012352BB6B4ADFF806
:10E8B000D0911370D9F8003053B1694B5B793BB9F3
:10E8C00000F022F9674968484FF4806200F0E8F9E7
:10E8D0000026DFF88C81654F3446D9F800305FFAA6
:10E8E00086FA53450FD8002C5ED061490020F1F71D
:10E8F000C7FD5B4B1968002003B0BDE8F04FF1F78E
:10E90000D7BD5C4AD3E798F80530022B18D1D8F868
:10E9100000209AB1584D6B68E88A9A422CBF0123B7
:10E92000B3FBF2F3C5E90233FFF7ACFBE861687EA5
:10E9300010B1FFF7A7FB68620134E4B20136CCE7FF
:10E940006025002205FB0A752B7ED1B28B422ED8A2
:10E9500095F8340010B1FFF795FBE86360250022BD
:10E9600005FB0A7595F85230D1B28B422DD86A78E2
:10E9700012F0FB033FD12B6495F82A303F49602504
:10E9800005FB0A75002B287C0CBF02220122F1F73F
:10E99000C5FD6B78002BD1D12B7D062B284622D1CB
:10E9A000FFF77EFB0028C9D003B0BDE8F08F2B6ACB
:10E9B00003EBC10BBBF8020028B10192FFF762FB29
:10E9C000019ACBF804000132BEE7AB6D03EBC10B3B
:10E9D0009BF8030028B10192FFF754FB019ACBF892
:10E9E00004000132BEE7042B02D1FFF78FFCD9E708
:10E9F000FEF7D6FDD6E702F0FD03012B9ED1D8F835
:10EA0000001000299AD068686025814205FB0A75CC
:10EA100038BFB0FBF1F3012AC5E902338CD1AB6BEF
:10EA2000002B89D0DFF85CB04FF0000A0DE095F8BC
:10EA30002A30002BAB6B08BF0222185C18BF0122E2
:10EA40005946F2F785FA0AF1010A95F834305FFA6F
:10EA50008AF08342EBD86FE7E3310020BA6B0020E5
:10EA6000D83100209DAD0020A0B10020407D0020C5
:10EA700021D50300D05100207C89002031D503002E
:10EA8000387D002011D50300024AFF231370024A8B
:10EA900013707047E2310020E1310020094A0A4931
:10EAA00013780978994201D1FFF7EEBF13785BB272
:10EAB0000133142193FBF1F001FB10335BB21370AF
:10EAC000704700BFE1310020E2310020024B034AD1
:10EAD0001B785BB213707047E2310020E0310020F8
:10EAE000036810B504465BB102794AB10530984716
:10EAF0000023237123600348BDE81040F2F7CBBC2C
:10EB000010BD00BF9DEA030070B50D4D2B7803F0DA
:10EB1000FF0493B90B4B264643F8056C03F8016CD0
:10EB200018461422002102F0A3FD073403468C2C62
:10EB300003F11C03F0D101232B70002070BD00BF36
:10EB4000D88C0020AD8A0020F0B5234B1B780646F8
:10EB5000002B38D02148224C057823785BB26DB267
:10EB600001339D4232D0037813B92378132B2DD073
:10EB70000378FF2B04BF0023037023785BB21420BB
:10EB8000013393FBF0F500FB15335BB2237025785E
:10EB90002078144B1C276DB240B27D4307FB003038
:10EBA0005E510271A9B1227852B207FB02330846C6
:10EBB000053301F1140250F8041B43F8041B904282
:10EBC000F9D10020F0BD6FF00300FBE76FF001000A
:10EBD000F8E70846F6E700BFD88C0020E1310020B6
:10EBE000E2310020A88A00202DE9F041184B1B7863
:10EBF00053B3184D2B783BBB174C2378FF2B58B2DF
:10EC000017D0012315482B70F2F745FC2478DFF864
:10EC10005480134F64B2142698F800305BB2C4EBF2
:10EC2000C400A34207EB800005D1FFF759FF002085
:10EC30002870BDE8F0810134FFF752FF94FBF6F332
:10EC400006FB134464B2E7E76FF00300F1E700BF8F
:10EC5000D88C0020A78A0020E1310020CDEA0300F3
:10EC6000A88A0020E031002010B5074C237853B16A
:10EC70000648F2F710FC06484FF40C72002102F02F
:10EC8000F7FC0023237010BDD88C002089EA030014
:10EC9000A88A00200023C0E90133C36003747047D1
:10ECA0000023C0E9013303740160C2601846704755
:10ECB000027CC36832B9D0E90112914236BF5B18B9
:10ECC0008B1A9B1A184670472DE9F341037C01917A
:10ECD000054614467BBBFFF7EBFFEF68381A84420A
:10ECE00029D8D5F8048028680199A7EB0806B44212
:10ECF000404413D8224602F0E3FD6B68EA682344DF
:10ED0000B3FBF2F402FB1434AB686C601A1B534281
:10ED100053412B74002002B0BDE8F08132460191CE
:10ED2000444402F0CDFD01992868E41B2246314499
:10ED300002F0C6FDE8E76FF00100ECE72DE9F843CB
:10ED4000144605460E46FFF7B3FFA04224D3D5E98B
:10ED500002892968A9EB0807BC4241440FD8224622
:10ED6000304602F0ADFDAB68EA682344B3FBF2F431
:10ED700002FB14340020AC602874BDE8F8834444DE
:10ED80003A463046A4EB090402F09AFD296822466F
:10ED9000F01902F095FDEDE76FF00200EDE70000DD
:10EDA00010B5029C79B173B16CB1032A0ED9094A2E
:10EDB000012111705A221A7004222280D870A3F8FF
:10EDC0000120002010BD6FF00800FBE76FF01D0070
:10EDD000F8E700BF9CAD00202DE9F0419CB01D4636
:10EDE000DDF88880074616460B46D9B1D5B1B8F193
:10EDF000000F17D018786946F1F799FB044668B9F7
:10EE00005A232B70331D9BB2A8F800303246A5F868
:10EE10000130EF706946281D02F052FD20461CB0FB
:10EE2000BDE8F0816FF00804F8E770B5049D144662
:10EE300071B16BB165B10434A4B25A261E702C8036
:10EE4000D870A3F80140181D02F03AFD002070BDF3
:10EE50006FF00800FBE770B5049E05461C4681B1C3
:10EE60007BB176B1013A11F8010B92B2F1F75CFB7C
:10EE700030B95A23237004233380A4F80130E5709D
:10EE800070BD6FF00800FBE7F7B5089F06461C460B
:10EE90000846D1B1CBB1C7B1042A19D98A78B1F8E3
:10EEA0000350009549780078043342F08002F1F76E
:10EEB000BDFE00B238B90435ADB25A2323703D808F
:10EEC000A4F80150E67003B0F0BD6FF00800FAE757
:10EED0006FF01D00F7E7F7B5089F06461D460C4684
:10EEE000B9B1B3B1AFB1052A16D9B1F80330009367
:10EEF0008A7820784B1D4978F1F720FE00B230B9AE
:10EF00005A232B7004233B80A5F80130EE7003B028
:10EF1000F0BD6FF00800FAE76FF01D00F7E7F7B5F6
:10EF2000089F06461C460846C1B1BBB1B7B1042ACA
:10EF300017D9B1F8035000958A78007849780433DE
:10EF4000F1F722FD00B238B90435ADB25A2323706F
:10EF50003D80A4F80150E67003B0F0BD6FF00800EA
:10EF6000FAE76FF01D00F7E7F7B5089F06461D4664
:10EF70000C46B9B1B3B1AFB1052A16D9B1F8033017
:10EF800000938A7820784B1D4978F1F79BFC00B2FA
:10EF900030B95A232B7004233B80A5F80130EE7062
:10EFA00003B0F0BD6FF00800FAE76FF01D00F7E75F
:10EFB00070B5049E05461C4671B16BB166B172B165
:10EFC0000878F1F75FFC30B95A23237004233380AB
:10EFD000A4F80130E57070BD6FF00800FBE76FF03A
:10EFE0001D00F8E730B4029D0C4681B17BB175B1CC
:10EFF0005A211970012A4FF004012980A3F8011049
:10F00000D87008D96178207830BCF1F737BC6FF040
:10F01000080030BC70476FF01D00FAE730B4029D65
:10F0200069B163B15DB15A241C7004242C80A3F82B
:10F030000140D8703AB130BC0878F1F7A1BB6FF04D
:10F04000080030BC70476FF01D00FAE730B4029D35
:10F050000C4689B183B17DB15A211970022A4FF053
:10F0600004012980A3F80110D87009D9A278617829
:10F07000207830BCF1F7FEBA6FF0080030BC704762
:10F080006FF01D00FAE730B4029D0C4681B17BB1F0
:10F0900075B15A211970032A4FF004012980A3F891
:10F0A0000110D87008D96188208830BCF2F7CEB939
:10F0B0006FF0080030BC70476FF01D00FAE7F7B53D
:10F0C000089E05461C46E1B1DBB1D6B1022A1BD928
:10F0D0000F780DF107020DF106013846F1F712FF26
:10F0E00068B95A23237007233380A4F801309DF8B0
:10F0F000063063719DF80730E5702771A37103B086
:10F10000F0BD6FF00800FAE76FF01D00F7E770B58B
:10F11000049E1C4605460B4689B184B17EB1022A85
:10F1200010D98A7818784978F1F7C0FE30B95A2397
:10F13000237004233380A4F80130E57070BD6FF0B4
:10F140000800FBE76FF01D00F8E7F0B585B00F464B
:10F1500005461022002168460A9E1C4602F088FAE5
:10F16000FFB1F4B1EEB16846F1F742F980B9BDF8EC
:10F17000003023711B0A63710623A3711223E3710C
:10F180009DF804302372BDF8063063721B0AA37227
:10F190005A2323700B233380A4F80130E57005B0A7
:10F1A000F0BD6FF00800FAE72DE9F047A84DA94F30
:10F1B0002878DFF8288386B000244FF4165303A97B
:10F1C0000393CDE90444F1F7EBFEF2F705F9A24B06
:10F1D0000121C3E900042046A04CF2F7E7F8A04B58
:10F1E0002360A04B6360A04BA360A04BE360A04BE7
:10F1F0002361A04B6361A04BA361A04B2363A04B91
:10F200006363A04BA363A04BE363A04B6362A04B7B
:10F21000E362A04BA04AA365A04B2366C4E9222366
:10F220009F4BA3669F4B23679F4B63679F4BA367CF
:10F230009F4BE265E3679F4E0220F1F7C5FF002870
:10F2400042D03378002B43D102232B7001233B7033
:10F250002878F1F79DFF02287AD9974E2878032263
:10F260003146F1F7C6FF3378A52B40F09F80DFF8D9
:10F270005892DFF86CA228780023A9F80030B6F87D
:10F280000130AAF80030F1F783FF41F208039842F9
:10F2900022D12878F2F7FEF8884B01221A708849AB
:10F2A000287855230B70F378CB700522F923A1F849
:10F2B00001200B71A9F80020F1F790FF7F4A00238D
:10F2C000A9F80030137043E098F80030002BBCD050
:10F2D0003B78002BB0D0BBE72878F1F759FFBAF89C
:10F2E0000020033A9042F7DB7649287892B2F1F792
:10F2F00080FFBAF80010022926D9DFF8C4A1724BAA
:10F300006D4800945246FBF713FA98B155238AF8DA
:10F310000030F3788AF803300523A9F80030AAF802
:10F3200001306A4B8AF8040001221A70684B4FF4CE
:10F330007A721A60B9F8002032B161492878F1F781
:10F340004DFF0023A9F800305C4B1B78002BA6D1A1
:10F35000DFF890915F4EF2F73FF8D9F8003098420D
:10F36000C0F0C280594B1B78002B6BD0F2F734F8F9
:10F37000574B1B681844C9F80000F2F72DF8564B9C
:10F380003230002118600846F2F710F8012333707C
:10F39000F2F722F8504B1B689842C0F0A980012177
:10F3A0000020F2F703F800233370A1E0AA2B01D06C
:10F3B000552B40D1DFF8289173782878A9F80030D0
:10F3C000F1F7E6FE41F2080398421FD12878F2F7E0
:10F3D00061F83A4B01221A7039492878AA230B7038
:10F3E00001238B70F923CB70B37843F040030B718A
:10F3F000F3784B710D2308228B710A234A70CB716D
:10F40000F1F7ECFE2D4B00221A70A1E72878F1F7F6
:10F41000BFFEB9F80020033A9042F7DB294928786B
:10F4200092B2F1F7E6FE2448FDF784FC234B1B78EB
:10F43000002B8DD0D0E7254B01221A70244B7D2262
:10F440001A6085E7F1F7C8FF00F6C41093E700BF24
:10F45000E3310020768D0020B8B10020E48C00203C
:10F460002BEE03004BF103000FF10300BFF003008C
:10F4700087F003004DF003001DF00300E5EF0300EB
:10F48000B1EF030069EF03001FEF0300D7EE0300A5
:10F4900089EE030011AC03008DA90300D9B5030068
:10F4A00061AC0300A1ED030057EE0300D9ED0300AA
:10F4B000E9B70300BA6B0020788D0020869D0020FC
:10F4C000879D00207B8D00209AAD0020748D002048
:10F4D000E4310020778D0020DC8C0020D05100200A
:10F4E000849D0020E08C00203378002B7FF450AF07
:10F4F000FBF7B2FEFEF7B4FD074B1B7843B10021CA
:10F500002878F0F73FFFC820F0F746FFF0F75CFFE0
:10F51000FBF7F4FF8FE600BF9CAD0020024B0A46CC
:10F5200001461878F1F75ABEE331002000000000D0
:10F5300051EC100B2DE9F843C1F30A53A3F2FF3548
:10F54000132D10EE106A10EE107A0C4634DC002DEC
:10F5500020DB394B43FA05F901EA090303438846E6
:10F560002FD033A3D3E9002300F070F8002200234A
:10F5700000F0B2FC40B1002C03DD4FF480132B41AE
:10F58000984428EA090400262346324643EC102B0F
:10F59000BDE8F88326A3D3E9002300F057F8002242
:10F5A000002300F099FC0028EED0002C3ADB264323
:10F5B00036D0224C0026E7E7332D06DDB5F5806F07
:10F5C00026D041EC100BBDE8F883A3F213434FF0B3
:10F5D000FF3828FA03F810EA080FF2D014A3D3E991
:10F5E000002300F033F80022002300F075FC00280F
:10F5F000CAD0002C09DD142D06D0C5F13405012335
:10F60000AB401F44BE4200D9013427EA0806BBE7DD
:10F6100010EE102A0B4600F019F841EC100BD2E75F
:10F620003446B1E700264FF00044ADE7AFF3008069
:10F630009C7500883CE4377EFFFF0F000000F03F20
:10F6400081F0004102E000BF83F0004330B54FEA93
:10F6500041044FEA430594EA050F08BF90EA020F00
:10F660001FBF54EA000C55EA020C7FEA645C7FEA93
:10F67000655C00F0E2804FEA5454D4EB5555B8BFB6
:10F680006D420CDD2C4480EA020281EA030382EA27
:10F69000000083EA010180EA020281EA0303362DB9
:10F6A00088BF30BD11F0004F4FEA01314FF4801C8C
:10F6B0004CEA113102D0404261EB410113F0004F9E
:10F6C0004FEA03334CEA133302D0524263EB430355
:10F6D00094EA050F00F0A780A4F10104D5F1200EF3
:10F6E0000DDB02FA0EFC22FA05F2801841F100014E
:10F6F00003FA0EF2801843FA05F359410EE0A5F122
:10F7000020050EF1200E012A03FA0EFC28BF4CF052
:10F71000020C43FA05F3C01851EBE37101F0004508
:10F7200007D54FF0000EDCF1000C7EEB00006EEB15
:10F730000101B1F5801F1BD3B1F5001F0CD349089F
:10F740005FEA30004FEA3C0C04F101044FEA4452F6
:10F7500012F5800F80F09A80BCF1004F08BF5FEA7D
:10F76000500C50F1000041EB045141EA050130BD5D
:10F770005FEA4C0C404141EB0101013C28BFB1F56F
:10F78000801FE9D291F0000F04BF01460020B1FABA
:10F7900081F308BF2033A3F10B03B3F120020CDA8D
:10F7A0000C3208DD02F1140CC2F10C0201FA0CF06B
:10F7B00021FA02F10CE002F11402D8BFC2F1200CD0
:10F7C00001FA02F120FA0CFCDCBF41EA0C01904086
:10F7D000E41AA2BF01EB0451294330BD6FEA0404CF
:10F7E0001F3C1CDA0C340EDC04F11404C4F12002BA
:10F7F00020FA04F001FA02F340EA030021FA04F3CC
:10F8000045EA030130BDC4F10C04C4F1200220FA22
:10F8100002F001FA04F340EA0300294630BD21FA60
:10F8200004F0294630BD94F0000F83F4801306BF26
:10F8300081F480110134013D4EE77FEA645C18BF1A
:10F840007FEA655C29D094EA050F08BF90EA020FB1
:10F8500005D054EA000C04BF1946104630BD91EAA9
:10F86000030F1EBF0021002030BD5FEA545C05D1AC
:10F870004000494128BF41F0004130BD14F58004EB
:10F880003CBF01F5801130BD01F0004545F0FE415F
:10F8900041F470014FF0000030BD7FEA645C1ABF94
:10F8A000194610467FEA655C1CBF0B46024650EACB
:10F8B000013406BF52EA033591EA030F41F40021F7
:10F8C00030BD00BF90F0000F04BF0021704730B57D
:10F8D0004FF4806404F132044FF000054FF0000152
:10F8E00050E700BF90F0000F04BF0021704730B513
:10F8F0004FF4806404F1320410F0004548BF4042E8
:10F900004FF000013EE700BF42004FEAE2014FEA3C
:10F9100031014FEA02701FBF12F07F4393F07F4F17
:10F9200081F06051704732F07F4208BF704793F01A
:10F930007F4F04BF41F40021704730B54FF460742D
:10F9400001F0004521F000411CE700BF50EA010230
:10F9500008BF704730B54FF000050AE050EA0102D9
:10F9600008BF704730B511F0004502D5404261EB49
:10F9700041014FF4806404F132045FEA915C3FF48A
:10F98000D8AE4FF003025FEADC0C18BF03325FEA27
:10F99000DC0C18BF033202EBDC02C2F1200300FAD8
:10F9A00003FC20FA02F001FA03FE40EA0E0021FAFD
:10F9B00002F11444BDE600BF70B54FF0FF0C4CF4EB
:10F9C000E06C1CEA11541DBF1CEA135594EA0C0F9D
:10F9D00095EA0C0F00F0DEF82C4481EA030621EAD8
:10F9E0004C5123EA4C5350EA013518BF52EA033513
:10F9F00041F4801143F4801338D0A0FB02CE4FF0C5
:10FA00000005E1FB02E506F00042E0FB03E54FF0F4
:10FA10000006E1FB03569CF0000F18BF4EF0010EEC
:10FA2000A4F1FF04B6F5007F64F5407404D25FEAE8
:10FA30004E0E6D4146EB060642EAC62141EA55519B
:10FA40004FEAC52040EA5E504FEACE2EB4F1FD0CDD
:10FA500088BFBCF5E06F1ED8BEF1004F08BF5FEA5B
:10FA6000500E50F1000041EB045170BD06F000460D
:10FA700046EA010140EA020081EA0301B4EB5C04BA
:10FA8000C2BFD4EB0C0541EA045170BD41F48011B2
:10FA90004FF0000E013C00F3AB8014F1360FDEBFD7
:10FAA000002001F0004170BDC4F10004203C35DAB3
:10FAB0000C341BDC04F11404C4F1200500FA05F336
:10FAC00020FA04F001FA05F240EA020001F00042D7
:10FAD00021F0004110EBD37021FA04F642EB06014D
:10FAE0005EEA430E08BF20EAD37070BDC4F10C0477
:10FAF000C4F1200500FA04F320FA05F001FA04F23B
:10FB000040EA020001F0004110EBD37041F1000126
:10FB10005EEA430E08BF20EAD37070BDC4F1200531
:10FB200000FA05F24EEA020E20FA04F301FA05F299
:10FB300043EA020321FA04F001F0004121FA04F241
:10FB400020EA020000EBD3705EEA430E08BF20EA11
:10FB5000D37070BD94F0000F0FD101F0004640004B
:10FB600041EB010111F4801F08BF013CF7D041EACD
:10FB7000060195F0000F18BF704703F000465200D1
:10FB800043EB030313F4801F08BF013DF7D043EAA2
:10FB90000603704794EA0C0F0CEA135518BF95EA58
:10FBA0000C0F0CD050EA410618BF52EA4306D1D1DF
:10FBB00081EA030101F000414FF0000070BD50EAFE
:10FBC000410606BF1046194652EA430619D094EA88
:10FBD0000C0F02D150EA013613D195EA0C0F05D172
:10FBE00052EA03361CBF104619460AD181EA0301C6
:10FBF00001F0004141F0FE4141F470014FF000007E
:10FC000070BD41F0FE4141F4780170BD70B54FF018
:10FC1000FF0C4CF4E06C1CEA11541DBF1CEA135598
:10FC200094EA0C0F95EA0C0F00F0A7F8A4EB05047A
:10FC300081EA030E52EA03354FEA013100F0888071
:10FC40004FEA03334FF0805545EA131343EA12633A
:10FC50004FEA022245EA111545EA10654FEA0026EF
:10FC60000EF000419D4208BF964244F1FD0404F5A8
:10FC7000407402D25B084FEA3202B61A65EB030504
:10FC80005B084FEA32024FF480104FF4002CB6EBC1
:10FC9000020E75EB030E22BFB61A754640EA0C0041
:10FCA0005B084FEA3202B6EB020E75EB030E22BF81
:10FCB000B61A754640EA5C005B084FEA3202B6EBC2
:10FCC000020E75EB030E22BFB61A754640EA9C0081
:10FCD0005B084FEA3202B6EB020E75EB030E22BF51
:10FCE000B61A754640EADC0055EA060E18D04FEA0F
:10FCF000051545EA16754FEA06164FEAC30343EAAF
:10FD000052734FEAC2025FEA1C1CC0D111F4801F7B
:10FD10000BD141EA00014FF000004FF0004CB6E774
:10FD200011F4801F04BF01430020B4F1FD0C88BF13
:10FD3000BCF5E06F3FF6AFAEB5EB030C04BFB6EB1E
:10FD4000020C5FEA500C50F1000041EB045170BD11
:10FD50000EF0004E4EEA113114EB5C04C2BFD4EB3E
:10FD60000C0541EA045170BD41F480114FF0000EC2
:10FD7000013C90E645EA060E8DE60CEA135594EA3E
:10FD80000C0F08BF95EA0C0F3FF43BAF94EA0C0F41
:10FD90000AD150EA01347FF434AF95EA0C0F7FF4B6
:10FDA00025AF104619462CE795EA0C0F06D152EA0A
:10FDB00003353FF4FDAE1046194622E750EA4106EE
:10FDC00018BF52EA43067FF4C5AE50EA41047FF4FF
:10FDD0000DAF52EA43057FF4EBAE12E74FF0FF3C64
:10FDE00006E000BF4FF0010C02E000BF4FF0010C35
:10FDF0004DF804CD4FEA410C7FEA6C5C4FEA430CAE
:10FE000018BF7FEA6C5C1BD001B050EA410C0CBFFC
:10FE100052EA430C91EA030F02BF90EA020F00205E
:10FE2000704710F1000F91EA030F58BF994208BFC5
:10FE300090422CBFD8176FEAE37040F00100704782
:10FE40004FEA410C7FEA6C5C02D150EA013C07D1D9
:10FE50004FEA430C7FEA6C5CD6D152EA033CD3D024
:10FE60005DF8040B704700BF8446104662468C461E
:10FE70001946634600E000BF01B5FFF7B7FF002851
:10FE800048BF10F1000F01BD4DF808EDFFF7F4FF7A
:10FE90000CBF012000205DF808FB00BF4DF808ED05
:10FEA000FFF7EAFF34BF012000205DF808FB00BF28
:10FEB0004DF808EDFFF7E0FF94BF012000205DF84A
:10FEC00008FB00BF4DF808EDFFF7CEFF94BF0120FF
:10FED00000205DF808FB00BF4DF808EDFFF7C4FFF8
:10FEE00034BF012000205DF808FB00BF4A0011D29A
:10FEF00012F5001211D20DD56FF47873B3EB625284
:10FF00000ED44FEAC12343F0004343EA505323FA8F
:10FF100002F070474FF00000704750EA013002D104
:10FF20004FF0FF3070474FF00000704753B94AB9A7
:10FF3000002908BF00281CBF4FF0FF314FF0FF30F1
:10FF400000F084B9ADF1080C6DE904CE00F01AF8A8
:10FF5000DDF804E0DDE9022304B07047430803F054
:10FF60005533C01A830803F0333300F0333018449C
:10FF700000EB101000F00F3000EB002000EB004011
:10FF8000000E70472DE9F047089E0D4604460F46C7
:10FF9000002B4AD18A42944665D9B2FA82F343B122
:10FFA00002FA03FCC3F120029F4020FA02F2174339
:10FFB0009C404FEA1C4E1FFA8CF5B7FBFEF1220C59
:10FFC0000EFB117742EA074201FB05F090420AD985
:10FFD0001CEB020201F1FF3780F01C81904240F2DD
:10FFE000198102396244121AA4B2B2FBFEF00EFB70
:10FFF000102244EA024400FB05F5A5420AD91CEB95
:020000024000BC
:10000000040400F1FF3280F00781A54240F2048130
:100010006444023840EA0140641B00211EB1DC4008
:100020000023C6E90043BDE8F0878B4208D9002EC3
:1000300000F0ED800021C6E900050846BDE8F08724
:10004000B3FA83F1002949D1AB4202D3824200F2D4
:10005000F880841A65EB030201201746002EE2D0D7
:10006000C6E90047DFE702B9FFDEB2FA82F3002BF0
:1000700040F090808A1A4FEA1C471FFA8CFE01213B
:10008000B2FBF7F507FB1520220C42EA00420EFBFB
:1000900005F0904208D91CEB020205F1FF3802D2AC
:1000A000904200F2CB804546121AA4B2B2FBF7F0A0
:1000B00007FB102244EA02440EFB00FEA64508D9C5
:1000C0001CEB040400F1FF3202D2A64500F2BB8013
:1000D0001046A4EB0E0440EA05409FE7C1F120075B
:1000E0008B4022FA07FC4CEA030C05FA01F420FAD3
:1000F00007F3FD404FEA1C492343B5FBF9F81FFA0B
:100100008CFE09FB18551C0C44EA054408FB0EF54F
:10011000A54202FA01F200FA01F00BD91CEB04042B
:1001200008F1FF3A80F08880A54240F28580A8F16E
:1001300002086444641B9DB2B4FBF9F309FB134449
:1001400045EA044403FB0EFEA64508D91CEB040453
:1001500003F1FF356CD2A6456AD9023B644443EAF9
:100160000843A3FB0295A4EB0E04AC42C846AE467E
:1001700056D353D056B1B0EB080264EB0E0404FA28
:1001800007F7CA40CC401743C6E90074184600215F
:10019000BDE8F087C3F1200102FA03FC20FA01F266
:1001A00025FA01F19D402A434FEA1C471FFA8CFEB5
:1001B000B1FBF7F007FB1015110C41EA054100FBFC
:1001C0000EF58D4204FA03F408D91CEB010100F18D
:1001D000FF382FD28D422DD902386144491B92B28B
:1001E000B1FBF7F507FB151142EA014205FB0EF1E1
:1001F000914208D91CEB020205F1FF3816D2914258
:1002000014D9023D6244521A45EA004138E73146AA
:10021000304608E73946E6E61046FBE64845A9D2EF
:10022000B9EB020865EB0C0E013BA3E74546EAE794
:100230002B4694E74046D1E7D0467BE7023D624437
:1002400032E708460AE76444023842E7704700BFD5
:100250001FB514461A46094B1B680546D8684CB1B1
:10026000074B0091CDE9013406492B4600F07AFE98
:1002700001F03CFB044B1C46F3E700BF403200207A
:10028000B04F0400BD4F04008749040008B5064B79
:10029000044613B10021AFF30080044B1B6803B187
:1002A0009847204603F01CFF0000000000B3002028
:1002B000024B0146186800F02BB800BF4032002006
:1002C000024B0146186802F095B900BF4032002089
:1002D00070B50E4E0C463168054611B901F048FA6A
:1002E00030602146284601F043FA431C0AD0C41C62
:1002F00024F00304A04207D0211A284601F038FA5E
:10030000013001D14FF0FF34204670BDC4B1002050
:100310002DE9F041CD1C25F0030508350C2D38BF23
:100320000C25002D074601DBA94205D90C233B60B3
:1003300000263046BDE8F0812F4E00F05FF83368AC
:100340001C4644BB29463846FFF7C2FF431C0446FF
:100350004FD134682646002E42D1002C43D023686A
:100360003146384604EB030801F002FA80453AD1E1
:1003700023680335ED1A25F0030508350C2D38BF29
:100380000C2529463846FFF7A3FF01302BD0236800
:100390002B4423600EE02268521B1ED40B2A16D970
:1003A0006119A342256018BF5960636808BF3160B6
:1003B00062514B60384604F10B0600F025F826F038
:1003C0000706231DF21AB4D09B1BA350B1E7626845
:1003D000A3420CBF32605A60ECE723466468B0E782
:1003E00034467668B7E70C233B60384600F00CF8DB
:1003F0009FE72560DEE700BFC0B10020014801F0A3
:10040000FFB900BF08B30020014801F0FAB900BFEE
:1004100008B300202DE9FF4755EC104B002D0E4688
:1004200019462B46BBBF05F100431D4600232D2373
:100430000B700D9BDDF830A0914623F02008BCBF67
:1004400022461446B8F1460F05D0B8F1450F00D149
:100450000136022100E0032103AB019302AB0093BC
:1004600045EC104B5346324601F0D2FAB8F1470F33
:10047000074602D119F0010F22D0B8F1460F07EB61
:10048000060910D13B78302B0AD1002200232046E8
:100490002946FFF7F9FC18B9C6F10106CAF8006051
:1004A000DAF8003099440022002320462946FFF75D
:1004B000EBFC08B1CDF80C903022039B4B4507D3E1
:1004C000039B0E9ADB1B3846136004B0BDE8F0872F
:1004D000591C03911A70F0E7F7B503460029B8BF1D
:1004E000494203F8022BB4BF2D222B220929427066
:1004F0002ADD0DF1070217460A26944691FBF6F510
:1005000006FB151430340CF8014C0C46632C02F138
:10051000FF322946F1DC3031ACF1020402F8011C53
:10052000411C2246BA420AD30DF10902A2EB0C0289
:10053000BC4288BF00221344181A03B0F0BD12F861
:10054000015B01F8015FEDE7302330318370C1704A
:10055000031DF1E72DE9F04F2DED028B8DB00C4618
:10056000DDF8608016461F46054601F0B7F8D0F862
:1005700000A0504601F0B2F900230A9323680593C6
:10058000D8F8003094F818B0073323F0070303F1CC
:100590000802C8F80020D3E9008929F00043079336
:1005A000CDF8188008EE100AC4E91289DDE90601C9
:1005B0009E4B4FF0FF3203F047FD88BBDDE906019B
:1005C0009A4B4FF0FF32FFF773FC48BB0022002329
:1005D00040464946FFF762FC10B12D2384F84330B2
:1005E000934A944BBBF1470F94BF90469846032320
:1005F0002361059B23F0040323604FF0000900975B
:1006000033460BAA2146284600F0DAF9013040F0C3
:1006100090804FF0FF300DB0BDEC028BBDE8F08F45
:1006200042464B464046494603F00EFD40B14B461C
:10063000002BBCBF2D2384F843307F4A7F4BD1E78A
:1006400063680BF0DF0206925A1C3FD106236360F9
:10065000059B616843F48062002303930AABCDE9F4
:1006600001B309AB49EC108B009322600DF1230319
:100670002846FFF7CFFE069B0999472B804608D1F5
:10068000C81C02DB6368994241DDABF102035FFAEB
:1006900083FBBBF1650F20D801395A4604F15000A5
:1006A0000991FFF719FF0A9A1318012A814623615D
:1006B00002DC2268D20701D5013323619DF8233083
:1006C000002B9CD02D2384F8433098E7069A472AC4
:1006D000BED1002BBCD10123B9E7BBF1660F18D105
:1006E000002963680BDD216113B92268D00702D5A8
:1006F00001330B442361A1654FF00009DEE713B914
:100700002268D20701D50233F4E70123F2E74FF064
:10071000670B0A9B994205DB23682161D807EAD55C
:100720004B1CE7E70029D4BFC1F1020201221344A8
:10073000E0E723685A0507D4236942463146284634
:10074000B84701302CD164E7BBF1650F40F2E0807F
:10075000D4E9120100220023FFF796FB002834D0D1
:10076000374A012331462846B84701303FF451AF9C
:10077000DDE909239A4202DB2368D80710D518EE79
:10078000103A524631462846B84701303FF441AF4F
:100790004FF0000804F11A090A9B013B434509DCAC
:1007A00023689B0700F10781E0680B9B9842B8BF64
:1007B000184630E701234A4631462846B8470130FB
:1007C0003FF427AF08F10108E6E7099B002B39DC6D
:1007D0001B4A012331462846B84701303FF419AF80
:1007E000DDE90932134302D12368D907D8D518EEC1
:1007F000103A524631462846B84701303FF409AF17
:100800004FF0000904F11A0A099B5B424B4501DCD9
:100810000A9B92E70123524631462846B8470130E9
:100820003FF4F7AE09F10109EEE700BFFFFFEF7FEC
:10083000EC4F0400F04F0400F44F0400F84F0400A4
:10084000CD4404000A9AA36D9A42A8BF1A46002A12
:10085000914637DC4FF0000B29EAE97904F11A02DE
:10086000A36D0593A3EB09035B4533DCDDE90923A5
:100870009A423BDB2368DA0738D4DDE90932A2EB80
:100880000309059BD21A9145A8BF9146B9F1000F03
:1008900035DC4FF0000829EAE97904F11A0ADDE9AC
:1008A00009239B1AA3EB090343457FF779AF012383
:1008B000524631462846B84701303FF4AAAE08F107
:1008C0000108ECE71346314642462846B847013056
:1008D000C0D19EE60123314628460592B847013033
:1008E0003FF497AE059A0BF1010BB9E718EE103AF9
:1008F000524631462846B8470130BED189E6059AAE
:100900004B46424431462846B8470130C1D180E6C3
:100910000A9A012A01DCDB073AD501234246314617
:100920002846B84701303FF474AE18EE103A5246EC
:1009300031462846B84701303FF46BAED4E9120186
:1009400000220023DDF828A0FFF79EFAD8B90AF1AB
:10095000FF3308F1010231462846B84701300ED175
:1009600057E60123524631462846B84701303FF446
:1009700050AE08F101080A9B013B4345F1DC4B46B0
:1009800004F15002DAE64FF0000804F11A0AF2E727
:1009900001234246DFE701234A4631462846B8474D
:1009A00001303FF436AE08F10108E3680B995B1A99
:1009B0004345F0DCF8E64FF0000804F11909F4E7CC
:1009C0002DE9F047164699468A680B69DDF82080C4
:1009D0009342B8BF1346336091F8432007460C4654
:1009E0000AB1013333602368990642BF336802338A
:1009F0003360256815F0060506D104F1190AE3688D
:100A000032689B1AAB4226DC94F84320131E2268FE
:100A100018BF012392062BD404F1430249463846FD
:100A2000C04701301ED02368226903F00603042B5F
:100A300002BFE5683368ED1AA3680CBF25EAE575C7
:100A400000259342C4BF9B1AED1800261A34B54204
:100A50001AD1002008E00123524649463846C047D3
:100A6000013003D14FF0FF30BDE8F0870135C6E714
:100A7000E1185A1C302081F84300224494F84510B4
:100A800082F843100233C7E701232246494638461D
:100A9000C0470130E6D00136D9E700002DE9FF4715
:100AA0000F7E0C9D782F914680460C469A4601F1A8
:100AB000430207D8622F0AD8002F00F0D480582FA5
:100AC00000F0C08004F1420584F842703AE0A7F1DA
:100AD0006303152BF6D801A151F823F0350B040060
:100AE000490B0400C50A0400C50A0400C50A040035
:100AF000C50A0400490B0400C50A0400C50A040025
:100B0000C50A0400C50A04004D0C0400750B04005E
:100B1000070C0400C50A0400C50A04006F0C040099
:100B2000C50A0400750B0400C50A0400C50A0400C8
:100B30000F0C04002B681A1D1B682A6004F1420583
:100B400084F8423001239FE020682B68070603F1F8
:100B50000401296001D51E6803E04606FBD5B3F900
:100B60000060002E03DA2D23764284F843305A4881
:100B70000A2312E02B682068191D2960050601D59B
:100B80001E6802E04106FBD51E8853486F2F0CBF3C
:100B900008230A23002184F843106568A560002D0E
:100BA000A2BF216821F0040121600EB9002D4BD0B5
:100BB0001546B6FBF3F103FB1167C75D05F8017D30
:100BC0003746BB420E46F4D9082B0BD12368DE070B
:100BD00008D5236961689942DEBF302305F8013CDE
:100BE00005F1FF35521B2261CDF800A04B4603AA48
:100BF00021464046FFF7E4FE01304AD14FF0FF3076
:100C000004B0BDE8F087236843F020032360334835
:100C1000782784F84570236829681F0651F8046B0B
:100C200002D45F0648BFB6B2DF0748BF43F02003D7
:100C3000296048BF23601EB9236823F02003236086
:100C40001023A7E72448E4E71546BDE72B6826688C
:100C50006169181D286035061B6801D5196002E01E
:100C60007006FBD51980002323611546BCE72B686D
:100C70001A1D2A601D6862680021284600F0D0FD18
:100C800008B1401B606063682361002384F843302F
:100C9000AAE723692A4649464046D0470130ADD0ED
:100CA00023689B0713D4E068039B9842B8BF18469B
:100CB000A6E70123324649464046D04701309DD041
:100CC0000135E36803995B1AAB42F2DCEBE70025E0
:100CD00004F11906F5E700BFFC4F04000D500400B5
:100CE000002310B50446C0E90033C0E90433836033
:100CF00081814366C2818361194608225C3000F01D
:100D0000B7FC054B6362054BA362054BE362054BE1
:100D10002462236310BD00BF5D130400831304002D
:100D2000BB130400DF130400024A0349034800F028
:100D30002DB900BFE8310020093A0400F431002049
:100D400041680C4B994210B5044601D002F05CFE9C
:100D5000A168094B994202D0204602F055FEE16895
:100D6000064B994204D02046BDE8104002F04CBE2C
:100D700010BD00BFC8B1002030B2002098B20020E2
:100D800010B50B4B0B4C0C4A1A6020460022042174
:100D9000FFF7A6FF04F1680001220921FFF7A0FF79
:100DA00004F1D0000222BDE810401221FFF798BFE5
:100DB00000B30020C8B10020290D0400014800F054
:100DC0001FBD00BF09B30020014800F01ABD00BFDD
:100DD00009B300202DE9F0410746FFF7EFFF244B50
:100DE0001B680BB9FFF7CCFF224E4FF00408D6E981
:100DF0000134013B0FD53568002D37D14FF4D67142
:100E00003846FFF785FA044630BB3060FFF7DCFF59
:100E10000C233B601BE0B4F90C50DDB9164BE360CA
:100E200004F15800656600F0E9FCFFF7CDFFC4E966
:100E30000155C4E904552560A5610822294604F13D
:100E40005C0000F015FCC4E90D55C4E912552046BC
:100E5000BDE8F0816834CCE7C0E900580C30A060F0
:100E60004FF4D072294600F003FC34603668BEE7C8
:100E700000B30020E83100200100FFFF10B5044658
:100E8000FFF79CFF236A1BB1BDE81040FFF79CBF32
:100E9000044B2362044B1B68002BF5D1FFF770FF56
:100EA000F2E700BF410D040000B30020F7B50F4684
:100EB000114601AA054602F0CFFD064618B90024E6
:100EC000204603B0F0BD2846FFF784FF0446002803
:100ED000F5D03946019A4FF4DB73284600F024FC24
:100EE000071E09DA0025FFF769FFA06DA58100F054
:100EF00086FCFFF769FFE2E7636EDB0705D4A38991
:100F0000980502D4A06D00F07BFC0E4B63620E4B83
:100F1000A3620E4BE362F1050D4BE781A6812462CB
:100F2000236305D5022300222146284600F02CF831
:100F3000636EDA07C4D4A3899B05C1D4A06D00F009
:100F400060FCBDE75D13040083130400BB130400C1
:100F5000DF130400024B0A4601461868FFF7A6BFDC
:100F6000403200200EB403B5014603AB054853F8E8
:100F7000042B0068019302F059FA02B05DF804EB0B
:100F800003B070474032002000F0C2BA2DE9F843A8
:100F90000746884614460026D4E90195B9F10109AF
:100FA00005D52468002CF7D13046BDE8F883AB891D
:100FB000012B07D9B5F90E30013303D02946384645
:100FC000C04706436835E9E72DE9F047089C8A46A3
:100FD000904602FB03F9064618B1036A0BB9FFF706
:100FE0004DFF636EDD0705D4A389980502D4A06D7B
:100FF00000F006FCA389190716D52369A3B10025C3
:101000004D451FD0A7681AF80510013F002FA760B3
:1010100004DAA3699F420FDB0A290DD023685A1C0A
:10102000226019700135EBE72146304600F018FACE
:101030000028E4D0002505E02246304600F0D3F930
:101040000130EFD1636EDA0705D4A3899B0502D482
:10105000A06D00F0D6FBB5FBF8F0BDE8F08700000E
:1010600007B5009313460A46014603480068FFF798
:10107000ABFF03B05DF804FB403200200FB407B5AE
:10108000064904AB086853F8042B8168019302F009
:10109000CDF903B05DF804EB04B070474032002096
:1010A000036A70B5846805460E460BB9FFF7E6FE85
:1010B000636EDB0705D4A389980502D4A06D00F008
:1010C0009FFBA389190713D523698BB1013EA36840
:1010D00016F8011F013BA360E9B9002B2EDA224666
:1010E0000A21284600F07FF9013007D00A2507E0E1
:1010F0002146284600F0B4F90028E7D04FF0FF352C
:10110000636EDA0705D4A3899B0502D4A06D00F0B5
:1011100078FB284670BD002B04DAA2699A4206DCEF
:101120000A2904D023685A1C22601970CFE722468E
:10113000284600F058F90130C9D1DFE723680A25B5
:101140005A1C22601D70DBE7024B01461868FFF74E
:10115000A7BF00BF40320020B1FA81F252094FF41C
:101160008063520000F000B82DE9F7431D46544B50
:101170001F6804460E46904627B13B6A13B93846AD
:10118000FFF77CFEB8F1020F06D0B8F1010F00F2B4
:101190009480002DC0F29180636EDA0705D4A38994
:1011A0009B0502D4A06D00F02BFB2146384602F0CF
:1011B0002BFC616B41B104F14403994202D03846E3
:1011C00001F018FA002363630023A3616360A3891D
:1011D000180603D52169384601F00CFAA38923F4D7
:1011E0004A6323F00303B8F1020FA3815FD001AB80
:1011F0006A462146384602F065FCA3891843A0815F
:101200002DBB009D2846FFF753F80646002850D115
:10121000DDF80090A9453ED14FF0FF350022A260D5
:1012200004F14702226022610122B4F90C306261AC
:10123000626E43F00203D107A38104D49B0502D45C
:10124000A06D00F0DEFA284603B0BDE8F083002E62
:10125000D8D03B6A13B93846FFF710FEB8F1010F3A
:1012600008BFA389266004BF43F00103A381A389BB
:1012700013F00802C4E904651DD0DA0741BF00225B
:101280006D42A260A56158BFA560656E15F00105AD
:10129000D4D00025D7E74846FFF70AF806460028CD
:1012A000BAD0A38943F08003A3814D46D1E700253E
:1012B000B4E7A946F5E7A260E7E74FF0FF35C2E7DC
:1012C000403200200EB400B59CB01DAB02900690D9
:1012D0006FF00041094807910491094953F8042B24
:1012E00005910068019302A901F0A6FD029B00226E
:1012F0001A701CB05DF804EB03B070474032002058
:101300000802FFFF0EB410B59FB021AC4FF401717D
:1013100054F8042B0192ADF81C100490089000F0D2
:10132000DDFA0C4B059009900D930B48019A00686B
:1013300003940023119316934FF6FF73ADF81E30FC
:1013400004A9234601F0D0FE1FB0BDE8104003B051
:10135000704700BF7F1304004032002010B50C46D8
:10136000B1F90E1000F0F2F90028ABBF636DA3894C
:101370001B1823F48053ACBF6365A38110BD00200C
:1013800070472DE9F0411F468B89DB0505460C4669
:10139000164605D5B1F90E100223002200F0B2F96D
:1013A000A389B4F90E1023F48053A38132463B463F
:1013B0002846BDE8F04100F0EBB910B50C46B1F994
:1013C0000E1000F09FF9431CA38915BF606523F43C
:1013D000805343F48053A38118BFA38110BDB1F99A
:1013E0000E1000F07FB9F8B50E461446054618B148
:1013F000036A0BB9FFF742FDA369A360A3891A072B
:1014000025D523691BB323682269981A6369F6B24C
:101410008342374604DC2146284602F0F5FAE0B95B
:10142000A368013BA36023685A1C22601E70626996
:10143000431C9A4204D0A389DB0706D50A2E04D1A7
:101440002146284602F0E0FA38B93846F8BD214670
:10145000284600F005F80028D5D04FF0FF37F4E714
:1014600038B52A4B054618680C4618B1036A0BB903
:10147000FFF704FDA389B4F90C20180722D4D9067C
:1014800007D409232B6042F04003A3814FF0FF30C3
:1014900034E0580712D5616B41B104F1440399421D
:1014A00002D0284601F0A6F800236363A38923F045
:1014B0002403A3810023636023692360A38943F08D
:1014C0000803A38123694BB9A38903F42073B3F5FF
:1014D000007F03D02146284602F01AFBA089B4F908
:1014E0000C2010F001030AD00023A36063695B4263
:1014F000A361236943B910F08000C4D138BD8107CE
:1015000058BF6369A360F4E70020F7E7403200208A
:101510002DE9F0410C4617461D46064618B1036AF0
:101520000BB9FFF7ABFC636ED90705D4A3899A0505
:1015300002D4A06D00F064F9A38903F48473B3F5B9
:10154000847F03D12146304602F05EFAD4F82C8025
:10155000B8F1000F09D11D233360636ED9076ED532
:101560004FF0FF352846BDE8F081012D36D035F02B
:10157000020362D123691BB92146304602F0C8FA42
:101580002146304602F040FA0028E6D1216A2B4677
:101590003A463046C0470130DFD0616B41B104F1BB
:1015A0004403994202D0304601F024F800236363DB
:1015B00023692360A389002623F402636660A38164
:1015C0000822314604F15C0000F052F8656E15F017
:1015D00001053BD1A3899B05C4D421E021463046B7
:1015E00002F012FAA28912F480520CD0656DA38920
:1015F0005A0719D56368ED1A636B0BB1236CED1AAA
:101600002F440025B6E72B46216A3046C047431CCD
:101610000546ECD1636ED807A2D4A38999059FD45F
:10162000A06D00F0EEF89DE71807E9D52368002BC0
:10163000E6D022699B1A1D44E2E716238CE7A389B2
:101640009A058DD4A06D00F0DCF889E7354689E76E
:1016500010B501390244904201D1002005E0037821
:1016600011F8014FA34201D0181B10BD0130F2E761
:1016700002440346934200D1704703F8011BF9E787
:10168000C9B2034610F8012B1AB18A42F9D11846A3
:101690007047002918BF0023F9E770B503461E46BE
:1016A00013F8014B44B14A1E01E0A54204D012F8E0
:1016B000015F002DF9D1F2E7301A70BD70B5034615
:1016C0001E4613F8014B3CB14A1E01E0A542F7D07B
:1016D00012F8015F002DF9D1301A70BD0048704733
:1016E0003433002038B5064D0023044608462B60ED
:1016F000EFF72EFE431C02D12B6803B1236038BDE7
:1017000004B3002038B5074D0446084611460022B0
:101710002A601A46EFF742FE431C02D12B6803B140
:10172000236038BD04B3002038B5074D0446084691
:10173000114600222A601A46EFF7C6FD431C02D16B
:101740002B6803B1236038BD04B3002038B5074DC2
:1017500004460846114600222A601A46EFF78AFD21
:10176000431C02D12B6803B1236038BD04B30020B1
:1017700038B5064D0023044608462B6002F0A2FC53
:10178000431C02D12B6803B1236038BD04B3002091
:1017900038B5074D04460846114600222A601A460D
:1017A000EFF740FD431C02D12B6803B1236038BD25
:1017B00004B3002070B50D4D0D4C641BA410002621
:1017C000A64209D10B4D0C4C02F08CFC641BA410FA
:1017D0000026A64205D170BD55F8043B9847013656
:1017E000EEE755F8043B98470136F2E7B0330020A6
:1017F000B0330020B0330020B4330020704770476E
:101800007047704710F8012B11F8013B012A28BFDF
:101810009A42F7D0D01A7047000000000000000084
:1018200001F0FF01102A2BDB10F0070F08D010F891
:10183000013B013A8B422DD010F0070F42B3F6D195
:10184000F0B441EA012141EA014122F007047FF0AE
:1018500000070023F0E80256083C85EA010586EA05
:10186000010685FA47F5A3FA87F586FA47F6A5FA41
:1018700087F68EB9EED1F0BC01F0FF0102F007024D
:1018800032B110F8013B013A83EA010313B1F8D1F8
:101890000020704701387047002D06BF35460338D9
:1018A000073815F0010F07D1013015F4807F02BF12
:1018B000013015F4C03F0130F0BC0138704700BF63
:1018C0000A44914200F1FF3300D1704710B511F87E
:1018D000014B03F8014F9142F9D110BD034613F8B3
:1018E000012B002AFBD1181A0138704708B50620D1
:1018F00002F000FA012002F0F3FB2DE9F74F036933
:101900000C69A34207467EDB013C01F1140800F19B
:10191000140505EB8403019358F8243055F824206E
:1019200001339A424FEA840B08EB8409B2FBF3F6C9
:1019300031D34FF0000E4046AC46F24650F8042B2F
:1019400093B206FB03E34FEA124E1A0C9BB2AAEBCA
:101950000303DCF800A013FA8AF306FB0E220093BF
:10196000009B4FEA124E92B2C2EB1A4202EB2342A4
:10197000BDF80030814543EA02434CF8043B4FEA8E
:10198000224ADBD255F80B302BB9019B043B9D4218
:101990001A462CD33C61384601F0F4F8002822DBCB
:1019A00001362946002058F8042BD1F800C093B224
:1019B000C31A120C13FA8CF3C2EB1C4202EB234243
:1019C0009BB243EA0243C14541F8043B4FEA22403F
:1019D000E9D255F8242005EB840322B9043B9D424B
:1019E0001A460AD33C61304603B0BDE8F08F126856
:1019F000043B002ACED1013CC9E71268043B002A0F
:101A0000F0D1013CEBE70020EEE700000000000011
:101A10002DE9F04F2DED048BC56993B08DED020BD0
:101A200057EC106BDDF88080079104460A920D9305
:101A300075B91020FEF73CFC0246E06120B9AE4BC0
:101A4000EF21AE48FEF704FCC0E901550560C56012
:101A5000E369196851B15A684A60012393408B6069
:101A6000204600F053FEE36900221A603B1EBBBF14
:101A700023F00043039300230122ACBFC8F80030D9
:101A8000C8F800209E4BDDF80C8033EA08031BD118
:101A90000D9A42F20F731360C8F31303334300F03F
:101AA0009385219B63B9974B27E0974B00930833AD
:101AB000219A1360009813B0BDEC048BBDE8F08F41
:101AC000904B00930333F3E79DED027B002251EC32
:101AD000170BB0EE478AF0EE678A0023FEF7D4F9C1
:101AE000814660B10D9A01231360219B002B00F009
:101AF0006885864B219A1360013B0093DAE710AAB0
:101B000011A92046B0EE480AF0EE680A01F0E0F8AC
:101B1000C8F30A558246002D7FD018EE903AC3F3E1
:101B2000130343F07F5351EC180B43F44013A5F219
:101B3000FF35CDF8389019460022754BFDF784FD2E
:101B400067A3D3E90023FDF737FF67A3D3E9002399
:101B5000FDF77CFD064628460F46FDF7C3FE64A34D
:101B6000D3E90023FDF728FF02460B4630463946ED
:101B7000FDF76CFD06460F4602F07CFA0022834614
:101B8000002330463946FEF789F948B15846FDF73B
:101B9000A9FE32463B46FEF777F908B90BF1FF3B49
:101BA000BBF1160F57D85B4B03EBCB03D3E90023F4
:101BB00051EC180BFEF772F900284ED00BF1FF3BE9
:101BC00000230C93109B5B1B5A1E45BFC3F10103FE
:101BD000059300230023069254BF05930693BBF19F
:101BE000000F3CDB069BCDF82CB05B440693002332
:101BF0000893079B092B68D8052BC4BF043B0793A8
:101C0000079BA3F10203CCBF00250125032B00F2A3
:101C10008580DFE803F02E3B3958DDE910531D4481
:101C200005F23243202BC1BFC3F1400308FA03F889
:101C300005F2124326FA03F3D6BFC3F1200348EAA4
:101C4000030006FA03F0FDF73DFE0122A1F1F8734F
:101C5000013D0E926FE70123B3E70C90B2E7059BBD
:101C6000A3EB0B030593CBF10003089300230B9325
:101C7000BFE7002309930A9B002B52DC0123019349
:101C800004931A460A920BE00123F3E70023099319
:101C90000A9B5B4401930133012B0493B8BF0123DA
:101CA000E0690021042202F114069E423DD9416000
:101CB000204600F0EBFC0090002839D1164B02467C
:101CC00040F2AF11BDE60123E1E7012500230793B0
:101CD00009954FF0FF330193049300221223D1E7BB
:101CE00061436F63A787D23FB3C8608B288AC63F22
:101CF000FB799F501344D33F2B5004004250040003
:101D00000000F07F275004001E500400CE44040061
:101D10000000F83F305104009B5004000123099358
:101D2000D7E70A9B01930493BAE701315200BAE75F
:101D3000E369009A1A60049B0E2B00F2A880002D24
:101D400000F0A580BBF1000F38DDC04B0BF00F0297
:101D500003EBC2031BF4807FD3E900674FEA2B1823
:101D600019D0BB4B51EC180BD3E90823FDF74EFFFC
:101D7000CDE9020108F00F080325DFF8D492B8F18D
:101D8000000F0AD1DDE9020132463B46FDF73EFF76
:101D9000CDE902012BE00225EFE718F0010F08D092
:101DA00030463946D9E90023FDF706FE01350646DF
:101DB0000F464FEA680809F10809E0E700F09F8044
:101DC000CBF10006A14BA24F06F00F0203EBC203BA
:101DD000D3E9002351EC180BFDF7EEFDCDE902012C
:101DE000361100230225002E7ED1002BD0D10C9B72
:101DF000DDE90289002B00F08480964B00224046EA
:101E00004946FEF74BF800287BD0049B002B78D086
:101E1000019B002B39DD904B002240464946FDF7DF
:101E2000CBFDCDE90201019E0BF1FF370135DDE964
:101E300002892846FDF756FD42464B46FDF7BCFD9C
:101E4000864B0022FDF702FCA1F15073CDE902019F
:101E50000393002E58D1824B002240464946FDF79D
:101E6000F3FBDDE9022380468946FEF735F80028BA
:101E700040F09682DDE90221404601F100434946E7
:101E8000FEF70CF8002840F089828DED028B119B43
:101E9000002BC0F24E81BBF10E0F00F34A816B4B59
:101EA00003EBCB03D3E900890A9B002B80F2DC8093
:101EB000049B002B00F3D88040F06F82684B002217
:101EC00040464946FDF778FDDDE90223FDF7FAFFBC
:101ED000049E3746002840F04582009D312305F8D6
:101EE000013B0BF1010B41E2F20705D5D7E90023D5
:101EF000FDF762FD013501237610083773E70225EF
:101F000075E7049E5F4692E70099504B9DED027B7A
:101F1000314402910999B0EE479AF0EE679A03EBCB
:101F2000C60353E90223002944D04E490020FDF79F
:101F30006DFE53EC192BFDF787FB009D41EC190B4F
:101F40004946404602F096F80646FDF7CBFC0246AD
:101F50000B4640464946FDF777FB303605F8016BE6
:101F600053EC192B80468946FDF798FF002864D171
:101F700042464B4637490020FDF766FB53EC192BD0
:101F8000FDF78CFF002840F0B680029B9D423FF495
:101F90007CAF314B51EC190B0022FDF70DFD2E4BA0
:101FA00041EC190B002240464946FDF705FD8046ED
:101FB0008946C5E751EC170BFDF7FEFC029B009D1F
:101FC0000F9341EC190B4946404602F053F8064680
:101FD000FDF788FC303602460B4640464946FDF781
:101FE00033FB05F8016B029B9D42804689464FF00A
:101FF000000224D11B4B51EC190BFDF727FB0246C5
:102000000B4640464946FDF767FF002873D153EC65
:10201000192B14490020FDF717FB02460B464046DA
:102020004946FDF73BFF00283FF42FAF0F9D6B1E85
:102030000F9315F8013C302BF8D0BB464AE0064B15
:10204000FDF7BAFC80468946BDE700BF3051040069
:10205000085104000000F03F0000244000001C4034
:10206000000014400000E03FDDE90267009D4246A9
:102070004B4630463946FDF7C9FD01F0FBFF0190A4
:10208000FDF730FC42464B46FDF796FC02460B46F8
:1020900030463946FDF7D8FA019E049F303605F8E0
:1020A000016B009EAE1BB74202460B4634D1FDF7D2
:1020B000CDFA42464B4606460F46FDF70DFFC8B91E
:1020C00042464B4630463946FDF7DEFE10B1019BD5
:1020D000DB070FD45146204600F018FB00230D9A71
:1020E0002B700BF101031360219B002B3FF4E2AC3A
:1020F0001D60DFE45F462B461D4613F8012D392A8B
:1021000006D1009A9A42F7D10099302201370A701D
:102110001A7801321A7090E7A34B0022FDF74CFCAD
:102120000022002306460F46FDF7AEFE00289ED093
:10213000D0E7099A002A00F0CA80079A012A00F322
:10214000AD800E9A002A00F0A58003F23343089E6A
:10215000059D059A1A440592069A01211A442046C3
:10216000069200F089FB074665B1069B002B09DD4E
:10217000AB42059AA8BF2B46D21A0592069AED1AD1
:10218000D31A0693089BF3B1099B002B00F0A380A0
:10219000002E10DD39463246204600F02DFC524616
:1021A00001460746204600F07DFB5146804620460A
:1021B00000F0ACFAC246089B9A1B04D05146204658
:1021C00000F01AFC82460121204600F055FB0B9BD3
:1021D000002B064640F381801A460146204600F057
:1021E0000BFC079B012B06467ADD4FF00008336994
:1021F00006EB8303186900F0F1FAC0F12000069B9A
:10220000184410F01F0000F09480C0F12003042B4C
:1022100040F38580059BC0F11C0003440593069B99
:10222000034405440693059B002B05DD51461A46E1
:10223000204600F03BFC8246069B002B05DD314624
:102240001A46204600F032FC06460C9B002B72D04A
:102250003146504600F096FC00286CDA00235146C7
:102260000A22204600F074FA099B0BF1FF3B8246DC
:10227000002B00F0B081002339460A22204600F0EE
:1022800067FA019B002B074600F39680079B022B01
:1022900059DC91E0109BC3F1360358E7049B5E1EA6
:1022A000089BB342BFBF089B0B9A0896F31AB4BFB2
:1022B000D2189E1B049BBCBF0B920026002BB7BFFD
:1022C000DDE90423DDE904359D1A002341E7089E7A
:1022D000059D099F48E7089A70E7079B012B19DCC9
:1022E000029BBBB9039BC3F313039BB9039B23F06E
:1022F00000431B0D1B0583B1059B01330593069B12
:10230000013306934FF001080B9B002B7FF46FAF56
:10231000012074E74FF00008F6E79846F4E782D012
:10232000059A1C331A440592069A1A441D440692D3
:1023300079E70346F4E7049B002B37DC079B022B6D
:1023400034DD049B0193019B63B93146052220468D
:1023500000F0FEF901460646504600F013FC002846
:102360003FF7BBAD0A9B009D6FEA030B4FF00008DF
:102370003146204600F0CAF9002F3FF4ABAEB8F169
:10238000000F05D0B84503D04146204600F0BEF905
:102390003946204600F0BAF99CE600263746E1E7C8
:1023A000BB46374699E500BF00002440099B002B3F
:1023B00000F0C880049B0193002D05DD39462A46B4
:1023C000204600F073FB0746B8F1000F5BD0796838
:1023D000204600F05BF9054628B9834B024640F2DF
:1023E000EF21FFF72EBB3A690232920007F10C0190
:1023F0000C30FFF765FA01222946204600F056FB13
:10240000009B01330493DDE9002313440893029BEE
:1024100003F00103B84606930746049B3146013B8F
:1024200050460193FFF769FA4146029000F13009E6
:10243000504600F0A7FB3A4605903146204600F092
:10244000BDFBC268054602BB0146504600F09AFB40
:10245000024629462046099200F058F9079B099A3E
:10246000049D43EA0201069B194310D1B9F1390FCB
:1024700029D0059B002B02DD029B03F13109019B52
:1024800083F8009074E73846BAE70122E1E7059B3C
:10249000002B04DB07990B4306990B4320D1002A3C
:1024A000EDDD51460122204600F000FB3146824618
:1024B00000F068FB002803DCE1D119F0010FDED049
:1024C000B9F1390FD8D1019A392313702B461D4623
:1024D000013B15F8012C392A6CD001321A7047E7FC
:1024E000002A07DDB9F1390FEDD0019A09F1010396
:1024F00013703DE7049B089A03F8019C934243D074
:10250000514600230A22204600F022F9B8458246AF
:102510004FF000034FF00A024146204607D100F079
:1025200017F980460746049B0133049375E700F0D2
:102530000FF93946804600230A22204600F008F9A8
:102540000746F0E7049B0193009D31465046FFF794
:10255000D4F900F13009009B05F8019BEA1A019BB0
:10256000934207DD514600230A22204600F0F0F88E
:102570008246EAE7019B002BC8BF1D46009BD8BFDF
:1025800001251D444FF0000851460122204600F06D
:102590008DFA3146824600F0F5FA002896DC02D129
:1025A00019F0010F92D12B461D4613F8012D302A48
:1025B000FAD0DDE6009A9A4289D10BF1010B312362
:1025C00096E70A4BFFF799BA219B002B7FF46DAA7F
:1025D000074BFFF792BA019B002BB5DC079B022B40
:1025E0003FF7B1AEB0E700BF9B500400CD440400FC
:1025F0001E50040037B5002944D051F8043C019026
:10260000002BA1F10404B8BFE418FDF7F7FE1E4A41
:102610000198136833B96360146003B0BDE83040BB
:10262000FDF7F2BEA34208D9256861198B4201BFAC
:1026300019685B6849192160EDE71A465B680BB1C0
:10264000A342FAD911685518A5420BD12468214438
:102650005418A3421160E0D11C685B6853600C44BD
:102660001460DAE702D90C230360D6E72568611904
:102670008B4204BF19685B68636004BF491921601D
:102680005460CAE703B030BDC0B1002070B5C66960
:1026900004460D4676B91020FDF70AFE0246E061B9
:1026A00020B9184B18486B21FDF7D2FDC0E901662F
:1026B0000660C660E669F36883B1E369DB6853F8D6
:1026C0002500B8B9012101FA05F6721D92002046D5
:1026D00001F04EFB60B1C0E901560EE02122042159
:1026E000204601F045FBE369F060DB68002BE4D194
:1026F000002070BD026843F825200023C0E90333A1
:10270000F7E700BF2B500400AC50040070B5C66959
:1027100005460C4676B91020FDF7CAFD0246E86171
:1027200020B9094B09488F21FDF792FDC0E90166E8
:102730000660C6603CB1EB696268DB6853F8221042
:10274000216043F8224070BD2B500400AC500400BF
:102750002DE9F0410D6907460C461E4601F1140CA7
:102760000020DCF8003099B202FB01611E0C0B0C5A
:1027700002FB063389B2013001EB034185424CF87C
:10278000041B4FEA1346ECDC0EB3A368AB4219DC22
:10279000616838460131FFF779FF804628B9024663
:1027A0000C4B0D48BA21FDF753FD2269023204F1AA
:1027B0000C0192000C30FFF783F821463846FFF7F2
:1027C000A5FF444604EB850301355E612561204683
:1027D000BDE8F0819B500400AC500400030C1B04C6
:1027E000D3B90004102310F07F4F04BF0002083358
:1027F00010F0704F04BF0001043310F0404F04BFCD
:1028000080000233002805DB10F0804F03F1010344
:1028100008BF2023184670470023E4E7036813F03D
:1028200007020CD0D90722D49A0749BF5B089B083E
:10283000036001225CBF036002221046704799B218
:1028400009B91B0C1022D9B209B908321B0A1907A1
:1028500004BF1B090432990704BF9B080232D90741
:1028600003D45B0802F1010203D00360E5E7002214
:10287000E3E72022E1E7000010B50C460121FFF755
:1028800005FF024628B9054B054840F24511FDF702
:10289000DFFC01234461036110BD00BF9B500400B5
:1028A000AC5004002DE9F04F91460A69D9F8103078
:1028B0009A42B8BF0B460C46BCBF4C4699462769A6
:1028C000D9F810A0A368616807EB0A06B34285B087
:1028D000B8BF0131FFF7DAFE30B90246444B454834
:1028E0004FF4B171FDF7B4FC00F1140505EB860857
:1028F0002B460022434521D304F1140303EB870741
:1029000009F1140303EB8A0202923A1B153A22F0F2
:102910000302043204F115018F4238BF04220192F0
:10292000029A03939A420CD8002E03DD58F8043D16
:10293000002B5BD0066105B0BDE8F08F43F8042B97
:10294000D8E7B3F800A0BAF1000F24D004F1140EB8
:10295000A9464FF0000C5EF8042BD9F800101FFABE
:1029600082FB89B20AFB0B114FEA124BD9F8002007
:1029700061444FEA124C0AFB0BC202EB114289B2CE
:1029800041EA0241774549F8041B4FEA124CE2D86C
:10299000019A45F802C0039AB2F802900433B9F1E3
:1029A000000F21D0296804F1140CAE464FF0000A44
:1029B000BCF800B0BEF8022009FB0B22524489B2D9
:1029C00041EA02414EF8041B5CF8041B4FEA114A2D
:1029D000BEF8001009FB0A1101EB124167454FEAEE
:1029E000114AE5D8019AA950043599E7013E9BE7C1
:1029F0009B500400AC5004002DE9F843154612F03A
:102A0000030206460F4607D0254C013A002354F82E
:102A10002220FFF79DFE0746AD103DD0F4697CB93A
:102A20001020FDF745FC0246F06128B91D4B1E48F9
:102A300040F2B311FDF70CFCC0E901440460C4602E
:102A4000D6F81C80D8F808404CB940F271213046C5
:102A5000FFF712FF0023C8F80800044603604FF098
:102A60000009EB070AD5394622463046FFF71AFF20
:102A7000394680463046FFF749FE47466D100BD079
:102A8000206838B9224621463046FFF70BFF206008
:102A9000C0F800900446E4E73846BDE8F88300BF7C
:102AA000F85104002B500400AC5004002DE9F0470D
:102AB0000C464968236903EB6218A36807469146F0
:102AC0004FEA621A08F10106B3420BDB3846FFF702
:102AD000DDFD054648B90246284B29484FF4EF7101
:102AE000FDF7B6FB01315B00EEE7002300F11401B6
:102AF00000F110021846534533DB20692AEAEA7ACE
:102B000004F1140319F01F0901EB8A0103EB800C97
:102B10002BD0C9F1200E8A460022186800FA09F06D
:102B200010434AF8040B53F8042B9C4522FA0EF28A
:102B3000F3D8ACEB0403153B23F00303043304F197
:102B40001500844538BF0423CA500AB108F10206B3
:102B5000013E38462E612146FFF7D8FD2846BDE8E4
:102B6000F08742F8040F0133C5E7043953F8042B0A
:102B700041F8042F9C45F9D8EAE700BF9B500400B8
:102B8000AC50040030B502690C69121B0ED100F183
:102B90001403143103EB840001EB840150F8045D4D
:102BA00051F8044DA54203D005D30122104630BD93
:102BB0008342F3D3FAE74FF0FF32F7E72DE9F84FFE
:102BC0000C460646114620469046FFF7DBFF051EE1
:102BD00010D129463046FFF759FD30B93A4B02462D
:102BE00040F237213948FDF733FB0123C0E90435B2
:102BF000BDE8F88FA4BF4346A0463046D8F804107D
:102C0000A6BF1C4600250125FFF740FD20B92E4B2D
:102C1000024640F24521E5E7D8F810702669C56004
:102C200004F1140908F1140500F1140E05EB870CEA
:102C300009EB860608F11002F246002159F8043B20
:102C400052F804BF11FA8BF899B21B0CA8EB0108DB
:102C5000C3EB1B4303EB28431FFA88F819144E45B6
:102C600048EA03434AF8043BE8D8331B153B23F0FA
:102C7000030304331534A64238BF04231D447344B0
:102C80009E462E4666450ED30CF10302521B22F0DF
:102C90000302033DAC4538BF0022134453F8042D12
:102CA0007AB10761A4E756F8048B11FA88F214147C
:102CB00004EB184492B242EA04424EF8042B211469
:102CC000E0E7013FEAE700BF9B500400AC5004007E
:102CD0002DE9F7430F46012159EC108B1646FFF7FB
:102CE000D5FC044630B90246244B254840F20F314A
:102CF000FDF7AEFAC9F30A55C9F313032DBB0193CF
:102D0000B8F1000326D068460093FFF787FDDDE9A0
:102D10000012E8B1C0F1200302FA03F30B43C240F2
:102D200063610192019BA361002B14BF0222012267
:102D30002261BDB1A5F2334505443D60C0F13500C7
:102D40003060204603B0BDE8F08343F48013D6E73B
:102D50006161E7E701A8FFF761FD019B6361203036
:102D60000122E5E704EB8203A0F2324038601869E3
:102D7000FFF734FDC0EB4210E2E700BF9B500400B8
:102D8000AC5004002DE9F0478E681F46BE420B6828
:102D900082460C4690462CD88A8912F4906F26D031
:102DA0006569096905EB4505A3EB010905EBD575D7
:102DB0007B1C4B446D109D4238BF1D46530527D5E3
:102DC0002946FDF7A5FA064660B321694A46FEF793
:102DD00077FDA38923F4906343F08003A3812661E8
:102DE00065614E44A5EB09052660A5603E46BE42DE
:102DF00000D93E4620683246414600F038FFA368BD
:102E00009B1BA3602368334423600020BDE8F08748
:102E10002A4600F0D5FF06460028E0D12169504639
:102E2000FFF7E8FB0C23CAF80030A38943F0400306
:102E3000A3814FF0FF30E9E72DE9F04F98468B89E9
:102E40001B069DB007460D4614460ED50B6963B9A7
:102E50004021FDF75DFA2860286120B90C233B6012
:102E60004FF0FF30D0E040236B6100230993202313
:102E70008DF82930CDF80C803023DFF8A4818DF84F
:102E80002A304FF0010923469A4613F8012B0AB164
:102E9000252AF9D1BAEB040B0BD05B462246294612
:102EA0003846FFF76FFF013000F0A980099A5A44B5
:102EB00009929AF80030002B00F0A18000234FF017
:102EC000FF32CDE905230AF1010A049307938DF837
:102ED00053301A935446052214F8011B5048FEF74C
:102EE0009FFC049AD8B9D00644BF20238DF85330F4
:102EF000110744BF2B238DF853309AF800302A2B4A
:102F000015D0079A544600204FF00A0C214611F8BC
:102F1000013B303B092B4DD9B0B1079214E0A0EB37
:102F2000080309FA03F313430493A246D2E7039B71
:102F3000191D1B680391002BBBBF5B4242F00202CC
:102F400007930793B8BF049223782E2B0CD1637894
:102F50002A2B34D1039B1A1D1B680392002BB8BF88
:102F60004FF0FF3302340593DFF8C4A02178032229
:102F70005046FEF755FC38B1049BA0EB0A004022F6
:102F8000824013430134049314F8011B25488DF843
:102F900028100622FEF744FC002838D0224B1BBB29
:102FA000039B073323F0070308330393099B334440
:102FB000099368E70CFB02320C460120A6E70023C8
:102FC0000134059319464FF00A0C204610F8012BE6
:102FD000303A092A03D9002BC6D00591C4E70CFB6F
:102FE000012104460123F0E703AB00932A460F4B6F
:102FF00004A93846FDF7AEFA421C0646D6D1AB8985
:103000005B063FF52DAF09981DB0BDE8F08F03AB0F
:1030100000932A46054B04A93846FDF73FFDEBE730
:10302000045204000E52040055050400852D0400CE
:103030000A52040038B54B1C144603D14FF0FF353B
:10304000284638BD938923F020039381636B52682F
:10305000CDB28BB1A36B934208DD23685A1E226068
:1030600003F8015C636801336360E9E7214600F01F
:10307000C4FD0028F1D0E1E72169236851B19942EC
:1030800008D213F8011CA94204D1013B013223608C
:103090006260D5E7C4E90F3204F14403636303239C
:1030A000A363234603F8465F23600123DCE710B5E2
:1030B0000C46496B69B104F14403994201D0FFF712
:1030C00099FA236C63600020606313B1E36B2360A3
:1030D00010BD2369236000236360A38943F02003AC
:1030E000A3814FF0FF30F3E72DE9F0470C46ADF533
:1030F000227D0021CDE94411A649A0910DF10408DB
:10310000A549A64FDFF89892CDF818810646A191FF
:1031100000931378002B00F05A81F95C11F008013C
:1031200002F1010519D06368002B0FDD23681A78BE
:10313000BA5C120701D42A46EBE7459A0132459260
:1031400062680133013A62602360ECE7A19B21468B
:10315000304698470028E9D0EDE7252B12D09A4653
:103160006368002B40F3918022681378534540F048
:103170002E816368013B6360459B0132013322600D
:103180004593D8E74191439153782A2B02BF1023EE
:10319000951C41930A22AA461AF8011BA1F130039B
:1031A000092B1CD97E480322FEF73AFB38B1419A1D
:1031B000A0EB09000123834013434193554615F8C2
:1031C000013B782B06D8572B10D8252BC7D057D8C2
:1031D000002B65D0032347930A23429376E0439B59
:1031E00002FB0311303943915546D4E7A3F158024D
:1031F000202AEFD801A151F822F000BFAF3204001D
:10320000D5310400D53104000D330400D53104005C
:10321000D5310400D5310400D5310400D531040086
:10322000D5310400D53104002333040009330400F0
:10323000873204008732040087320400D53104004D
:10324000C5320400D5310400D5310400D531040065
:10325000D53104003333040001330400A7320400E5
:10326000D5310400D53104002F330400D5310400DA
:1032700009330400D5310400D5310400AF32040015
:10328000453B022BA6D805231FE0A19B21463046D3
:10329000984700283FF468AF4498002840F08D809C
:1032A0004FF0FF308FE0419A42F020024192419A64
:1032B00042F40072419210226F2B429234BF0323DA
:1032C000042302E000234293032347936368002B07
:1032D0003DDD419B590604D423681A78BA5C120775
:1032E0003CD4479B022B4BDC6B46224641A930461F
:1032F00000F0B6F901286AD002287FF41CAFCBE7B2
:10330000082342930423E0E70A22D5E729464046F2
:1033100000F03AFC419B43F04003419305460123F2
:10332000D3E7419B43F0400341930023CDE70223C1
:10333000CBE74198C3063FF5FEAE009B459A191DA9
:1033400000911B68C0074CBF1A801A60F3E6A19B6E
:103350002146304698470028BBD09DE7459A013268
:1033600045926268013A002A626002DD01332360FF
:10337000B2E7A19B2146304698470028ACD08BE7A6
:10338000042B0FDC6B46224641A9304600F0C2F9FF
:10339000B0E700BF35300400AF30040045520400F0
:1033A0000A5204000B4B002B3FF4C5AE6B4622467D
:1033B00041A93046AFF300809CE7A38913F0400F8A
:1033C00018BF4FF0FF300DF5227DBDE8F08744981F
:1033D000F9E700BF000000009368013B002B10B428
:1033E000936008DA9469A34201DB0A2903D15DF8EE
:1033F000044BFDF7F8BF1368581C1060197008469D
:103400005DF8044B7047F8B506460F461446D518CC
:10341000AC4201D1002007E014F8011B3A463046C7
:10342000FFF7DAFF431CF3D1F8BD00002DE9F04FA0
:103430000D469DB014469846064618B1036A0BB96E
:10344000FDF71CFD6B6ED90705D4AB899A0502D434
:10345000A86DFEF7D5F9AB891B0701D52B699BB980
:1034600029463046FDF7FCFF70B16B6EDC0704D5D2
:103470004FF0FF301DB0BDE8F08FAB899805F7D451
:10348000A86DFEF7BEF9F3E70023099320238DF81A
:103490002930CDF80C803023DFF8B0818DF82A3048
:1034A0004FF0010923469A4613F8012B0AB1252A49
:1034B000F9D1BAEB040B0BD05B46224629463046C5
:1034C000FFF7A1FF013000F0A980099A5A44099240
:1034D0009AF80030002B00F0A18000234FF0FF325B
:1034E000CDE905230AF1010A049307938DF85330BF
:1034F0001A935446052214F8011B5448FEF790F91C
:10350000049AD8B9D10644BF20238DF8533013074D
:1035100044BF2B238DF853309AF800302A2B15D056
:10352000079A544600204FF00A0C214611F8013B3F
:10353000303B092B4DD9B0B1079214E0A0EB080342
:1035400009FA03F313430493A246D2E7039B191D20
:103550001B680391002BBBBF5B4242F00202079342
:103560000793B8BF049223782E2B0CD163782A2BB3
:1035700034D1039B1A1D1B680392002BB8BF4FF078
:10358000FF3302340593DFF8D4A02178032250469C
:10359000FEF746F938B1049BA0EB0A0040228240B6
:1035A00013430134049314F8011B29488DF82810A3
:1035B0000622FEF735F900283FD0264B1BBB039BA4
:1035C000073323F0070308330393099B3B44099314
:1035D00068E70CFB02320C460120A6E70023013409
:1035E000059319464FF00A0C204610F8012B303A8B
:1035F000092A03D9002BC6D00591C4E70CFB012191
:1036000004460123F0E703AB00932A46124B04A9BA
:103610003046FCF79FFF0746781CD6D16B6ED90762
:1036200005D4AB899A0502D4A86DFEF7EAF8AB89F8
:103630005B063FF51DAF09981CE703AB00932A46D4
:10364000054B04A93046FDF729FAE4E704520400CB
:103650000E52040055050400073404000A52040009
:103660002DE9F84315468A6880460C4632B98A69C6
:10367000002A0CBF01224FF0FF328A602268DFF877
:103680009090D1065FBF1A68111D19601668002757
:10369000A06988B1012807D12A6811786269525C53
:1036A00052B9002F31D022E0022820D12B681B789C
:1036B00019F803301B071AD42368DA065EBF2B689B
:1036C0001B7806F8013B2A686B6801322A60A26801
:1036D000013B013A6B600137A26042B1002BD7DC9D
:1036E000D4F880312946404698470028D0D0236836
:1036F00013F0100305D1E2680132E260A26902B161
:10370000337023693B4423610020BDE8F88300BF88
:10371000455204002DE9F04F9846744B0C46824602
:10372000164693E8070087B003AB83E80700704BA9
:10373000A169704A032918BF1A46A36801925A1E4C
:10374000B2F5AE7F88BF6FF4AE75274682BF03EB3C
:10375000050940F25D13A36057F81C3B43F4506326
:1037600098BF4FF0000923603D464FF0000B3168D1
:1037700003AB097853F82B000222FEF751F828B367
:10378000BBF1010F59D162682AB92268082342F4BB
:10379000007263602260226822F4A0622260A26844
:1037A000511EA16092B13268511C3160127805F847
:1037B000012B7268013A002A726007DCD4F880217C
:1037C000314650469047002840F085800BF1010BB0
:1037D000BBF1030FCBD163680BB90A236360636845
:1037E00045496069C91A00F0CFF94FF0000BA36892
:1037F0002268002B3DD03168606991F800C010F854
:103800000C00002835D0BCF1300F24D1100522D592
:103810000BF1010BB9F1000F03D0013309F1FF39AE
:10382000A3607368013B002B73601BDD33680133B9
:103830003360A368013BA360D9E7BBF1020FAED1AF
:10384000226802F4C061B1F5007FBFD1102363602C
:1038500042F48072A2E722F4106222600B7805F82D
:10386000013BDEE7D4F880313146504698470028C6
:10387000DFD02368D9050DD5BD4209D915F8011C43
:10388000D4F87C3132465046984705F1FF394D4611
:10389000BD4228D0226812F0100213D12A7063684A
:1038A000019E39465046B047D8F8003021681A1DAD
:1038B000C8F8002011F0200F1B680FD01860E368D3
:1038C0000133E3602369ED1B5D442B442361002039
:1038D00007B0BDE8F08F4FF0000BCAE7CA074CBF36
:1038E00018801860EBE70120F2E700BF30520400B7
:1038F0000D400400253F0400255204008A892DE96B
:10390000F041054610070C4658D44B68002B05DCE7
:103910000B6C002B02DC0020BDE8F081E66A002E73
:10392000F9D0002312F480522F68216A2B6032D024
:10393000606DA3895A0705D56368C01A636B0BB124
:10394000236CC01A00230246E66A216A2846B04763
:10395000431CA38906D129681D292BD8294A0A416D
:10396000D60727D400226260D9042269226004D5D8
:10397000421C01D12B6803B96065616B2F6000297F
:10398000C9D004F14403994202D02846FEF732FE22
:1039900000206063C0E701232846B047411CC8D11E
:1039A0002B68002BC5D01D2B01D0162B01D12F6009
:1039B000B1E7A38943F04003A381ADE70F69002F6E
:1039C000A9D093070E6808BF4B690F6018BF00238A
:1039D000A6EB07088B60B8F1000F9CDD216AA66A90
:1039E00043463A462846B047002806DCA38943F000
:1039F0004003A3814FF0FF308EE70744A8EB000897
:103A0000E9E700BFFEFFBFDF38B50B6905460C468E
:103A100013B90025284638BD18B1036A0BB9FDF764
:103A20002DFAB4F90C30002BF3D0626ED00704D419
:103A3000990502D4A06DFDF7E3FE28462146FFF765
:103A40005DFF636EDA070546E4D4A3899B05E1D4E4
:103A5000A06DFDF7D6FEDDE70B78722B30B522D0D6
:103A6000772B24D0612B27D016230360002030BD94
:103A7000622D12D0782D13D02B2D07D120F01C00F1
:103A800023F0030340F0100043F0020311F8015F3C
:103A9000002DEDD123431360E9E743F48033F5E7CC
:103AA00043F40063F2E7002423460420EEE74FF4DA
:103AB000C06401230820E9E74FF4027401234FF4A6
:103AC0008470E3E770B50C46B1F90E10002996B08A
:103AD00015461E460DDAA38913F0800F4FF0000142
:103AE0000CBF4FF480634023002031602B6016B080
:103AF00070BD6A4600F006F90028ECDB019901F47C
:103B00007041A1F50053594259414FF48063EBE7EE
:103B10008B8973B59D0706460C4607D504F147030C
:103B2000236023610123636102B070BD01AB6A466B
:103B3000FFF7C8FF009905463046FCF7E9FB48B996
:103B4000B4F90C309A05EFD423F0030343F00203D9
:103B5000A381E3E7A389206043F08003A381009B56
:103B60006361019B20615BB1B4F90E10304600F037
:103B7000DBF828B1A38923F0030343F00103A381F9
:103B8000A3891D43A581CFE770B50B7804465E2B52
:103B90000BBF4B784A1C8A1C002108BF0121013849
:103BA00004F1FF0500F8011FA842FBD10BB9501E1C
:103BB00070BD81F00101E1541046024612F8015B2C
:103BC0002D2D05D05D2D16D0002DF1D02B46F2E71E
:103BD00046785D2EFAD0B342F8DC02301A46013244
:103BE0009642A154FBDCF21A013A5D1CB342A8BF15
:103BF0000022AB18E1E71046DAE72DE9F0410C4668
:103C0000496B04F1440399421DD14FF48061FCF7E4
:103C10007FFB18B94FF0FF30BDE8F0814FF48063AF
:103C2000A36394F84630606380F8FF3394F845301E
:103C300080F8FE3394F8443080F8FD3300F2FD3014
:103C400020600020E8E7A66B77003A4600F0B8F85D
:103C500005460028DED000EB060801463246404605
:103C6000FDF72EFEC4E90D57C4F80080E9E788424D
:103C700010B501EB020402D98442234607D8431E43
:103C8000A14208D011F8012B03F8012FF8E70244F4
:103C900001468A4200D110BD13F8014D02F8014DD2
:103CA000F7E71F2938B504460D4604D916230360EB
:103CB0004FF0FF3038BDC26B12B152F821304BB912
:103CC000204600F053F82A4601462046BDE8384019
:103CD00000F03AB8012B0AD0591C03D11623036017
:103CE0000120E7E7002442F82540284698470020B5
:103CF000E0E70000024B01461868FFF7D2BF00BFA3
:103D00004032002038B5074D0023044608461146CE
:103D10002B60EDF73DFB431C02D12B6803B1236000
:103D200038BD00BF04B3002038B5064D002304465B
:103D300008462B60EDF72FFB431C02D12B6803B123
:103D4000236038BD04B3002038B5074D0023044676
:103D5000084611462B60EDF724FB431C02D12B686B
:103D600003B1236038BD00BF04B30020EDF71ABBD8
:103D700037B5A1FB02244CB911460192FCF7C8FAF1
:103D8000019A054630B9284603B030BD0C220260C6
:103D90000025F8E72146FDF76BFCF4E782B001B996
:103DA00001A942B14BB113780B601278101E18BFF5
:103DB000012002B070471046FBE76FF00100F8E702
:103DC0002DE9F041804614460E4621B9BDE8F04188
:103DD0001146FCF79DBA2AB9FEF70CFC2546284689
:103DE000BDE8F08100F028F98442074602D8B4EB20
:103DF000500F12D821464046FCF78AFA05460028A3
:103E0000EDD0BC422246314628BF3A46FDF758FD68
:103E100031464046FEF7EEFBE1E73546DFE70000BE
:103E2000012B2DE9F04701D0242B06D900F0FEF834
:103E3000162303600020BDE8F087DFF8E4C00D46DC
:103E40002E4615F8014B1CF8047017F00807F7D13F
:103E50002D2C32D12C780127B51C002B5BD0102BD8
:103E600009D1302C07D12C7804F0DF04582C4DD127
:103E70006C781023023507F1004808F1FF384FF045
:103E8000000EB8FBF3F9764603FB198AA4F1300C57
:103E9000BCF1090F16D86446A34224DDBEF1FF3FF2
:103EA00008D0B1451CD301D1A24519DB06FB03465E
:103EB0004FF0010E15F8014BE8E72B2C04BF2C78CE
:103EC000B51CCAE7A4F1410CBCF1190F01D8373C6D
:103ED000E2E7A4F1610CBCF1190F04D8573CDBE711
:103EE0004FF0FF3EE6E7BEF1FF3F05D1222303601E
:103EF000464642B930469EE707B17642002AF9D0DD
:103F0000BEF1000F00D0691E1160F3E73024002BD2
:103F1000B1D10823AFE7302CA5D00A23ABE700BF0F
:103F200045520400FFF77CBF2DE9F043364F86462B
:103F30000D46284615F8014B3E5D16F00806F8D1EF
:103F40002D2C30D12C780126851C002B57D0102B1E
:103F500009D1302C07D1287800F0DF00582849D14A
:103F60006C78102302354FF0FF380027B8FBF3F8C8
:103F700003FB08F96FEA09093846A4F1300CBCF1DB
:103F8000090F15D86446A34223DDB7F1FF3F07D0E0
:103F900080451BD301D1A14518DB00FB034001275D
:103FA00015F8014BE9E72B2C04BF2C78851CCCE7D6
:103FB000A4F1410CBCF1190F01D8373CE3E7A4F19F
:103FC000610CBCF1190F04D8573CDCE74FF0FF3708
:103FD000E6E77B1C06D12223CEF80030384632B902
:103FE000BDE8F08306B14042002AF9D007B1691E4E
:103FF0001160F5E73024002BB5D10823B3E7302C4E
:10400000A9D00A23AFE700BF45520400FFF78CBFD9
:1040100049B1FF2A85BF8A2303600A704FF0FF3041
:1040200098BF01207047084670470000014B186890
:10403000704700BF4032002051F8043C181F002B8D
:10404000BCBF0B58C01870474FEA410C7FEA6C5C4C
:1040500002D150EA013C0AD14FEA430C7FEA6C5C82
:1040600002D152EA033C02D14FF0000070474FF0FA
:10407000010070474FEA410212F5001215D211D526
:104080006FF47873B3EB625212D94FEAC12343F055
:10409000004343EA505311F0004F23FA02F018BFD7
:1040A000404270474FF00000704750EA013005D1A0
:1040B00011F0004008BF6FF0004070474FF0000063
:1040C000704700BF044A05491368002B08BF0B4620
:1040D00018441060184670470CB3002010B300203D
:1040E000FEE700BFF8B500BFF8BC08BC9E467047AD
:1040F000F8B500BFF8BC08BC9E4670477625642E14
:1041000025642E25640076322E31322E31000000D7
:104110000641000000000000000000000000000058
:104120000338FDD87047000000400240240004001E
:1041300000A000400004000000A0014001060000B3
:1041400000B0014002060000493243207265636FEF
:1041500076657279206661696C65640A0D000000FD
:10416000ED050300010603000000000000300040E0
:1041700000000000004000400100000000000000BE
:10418000000000000030024000000000003002404B
:104190000000000000000000000000000D0A456E55
:1041A00061626C652053686970204D6F64650D0015
:1041B0000D0A556E61626C6520746F206D6F756EAF
:1041C000742066732E0D002F6465762F626C650077
:1041D0003C3900200000000059590300255A030013
:1041E00081580300D15A03008000000080000000C5
:1041F0000010000000020000F40100008000000038
:104200002000000008400020883F0020F03C0020F3
:10421000400000000000000000000000000000005E
:10422000683B0020000000000000000000000000CB
:10423000C1290300D1290300FFFFFFFFFFFFFFFF9C
:10424000FFFFFFFFFFFFFFFF000000000000000076
:104250000000D60106010000010000074C540400D4
:104260004C540400080000003C5404004C5404006A
:10427000080000004C5404005C54040008000000D6
:104280007C5304003C540400080000004C5304001C
:104290007C530400080000004E69636C6120536584
:1042A0006E7365204D452000257328252E32582D2C
:1042B000252E325829007700FB349B5F8000008058
:1042C0000010000000000000484600208C4600203E
:1042D000FF0000008C4700200D0A204572726F72AB
:1042E00020696E2072656164696E67207374617401
:1042F0007573207265670D000D0A204572726F722A
:1043000020526573657420456E61626C6520434D73
:10431000440D000D0A204572726F7220696E207381
:104320006563746F7220657261736520434D440D3F
:10433000000D0A204572617365204661696C200D8D
:10434000000D0A204572726F7220696E20526561FD
:1043500064204461746120434D440D000D0A2045E2
:1043600072726F7220696E20777269746520737043
:10437000696D2074782F7278200D000D0A20457227
:10438000726F72205265616420456C656374726F50
:104390006E69632049440D000030024000000000B7
:1043A0000D0A434F4D4D554E49434154494F4E2000
:1043B0004552524F520D000D0A5541525420415062
:1043C000505F554152545F4649464F2E0D00000044
:1043D000000000006410B71DC8206E3BAC30D92629
:1043E0009041DC76F4516B6B5861B24D3C710550D5
:1043F0002083B8ED44930FF0E8A3D6D68CB361CBFD
:10440000B0C2649BD4D2D38678E20AA01CF2BDBDB0
:104410006C66735F7461675F73697A65286C667335
:104420002D3E6773746174652E74616729203E2088
:1044300030207C7C206F727068616E73203E3D205E
:1044400030006D63755F6E69636C612F2E2E2F2EA9
:104450002E2F746869726470617274792F4C69745C
:10446000746C6546532F6C66732E63006572722000
:104470003C3D2030002F0025733A25643A65727266
:104480006F723A20436F727275707465642064694C
:10449000722070616972206174207B3078256C789D
:1044A0002C203078256C787D25730A002E2E007321
:1044B00070203C2033006C66732D3E6366672D3E92
:1044C000726561645F73697A6520213D2030006CFC
:1044D00066732D3E6366672D3E70726F675F73690A
:1044E0007A6520213D2030006C66732D3E6366673F
:1044F0002D3E63616368655F73697A6520213D20A5
:1045000030006C66732D3E6366672D3E63616368A1
:10451000655F73697A652025206C66732D3E63663E
:10452000672D3E726561645F73697A65203D3D2049
:1045300030006C66732D3E6366672D3E6361636871
:10454000655F73697A652025206C66732D3E63660E
:10455000672D3E70726F675F73697A65203D3D20FD
:1045600030006C66732D3E6366672D3E626C6F6330
:104570006B5F73697A652025206C66732D3E6366D8
:10458000672D3E63616368655F73697A65203D3DB1
:10459000203000342A6C66735F6E70773228307872
:1045A0006666666666666666202F20286C66732DD2
:1045B0003E6366672D3E626C6F636B5F73697A65FD
:1045C0002D322A342929203C3D206C66732D3E6310
:1045D00066672D3E626C6F636B5F73697A65006C12
:1045E00066732D3E6366672D3E626C6F636B5F631F
:1045F00079636C657320213D2030006C66732D3E1D
:104600006366672D3E6C6F6F6B61686561645F7395
:10461000697A65203E2030006C66732D3E636667C4
:104620002D3E6C6F6F6B61686561645F73697A655D
:1046300020252038203D3D20302026262028756961
:104640006E747074725F74296C66732D3E63666756
:104650002D3E6C6F6F6B61686561645F6275666645
:10466000657220252034203D3D2030006C66732D7E
:104670003E6366672D3E6E616D655F6D6178203CBF
:104680003D20323535006C66732D3E6366672D3EE6
:1046900066696C655F6D6178203C3D20323134374E
:1046A000343833363437006C66732D3E6366672DBD
:1046B0003E617474725F6D6178203C3D2031303210
:1046C00032006C66732D3E6366672D3E6D657461C6
:1046D000646174615F6D6178203C3D206C66732D70
:1046E0003E6366672D3E626C6F636B5F73697A65CC
:1046F000007063616368652D3E626C6F636B203C84
:10470000206C66732D3E6366672D3E626C6F636B33
:104710005F636F756E7400626C6F636B203D3D204C
:1047200028286C66735F626C6F636B5F74292D322F
:1047300029207C7C20626C6F636B203C206C66734C
:104740002D3E6366672D3E626C6F636B5F636F75B2
:104750006E74006F6666202B2073697A65203C3D7D
:10476000206C66732D3E6366672D3E626C6F636BD3
:104770005F73697A65007063616368652D3E626C82
:104780006F636B203D3D2028286C66735F626C6F01
:10479000636B5F74292D31290025733A25643A65CE
:1047A00072726F723A204E6F206D6F726520667262
:1047B000656520737061636520256C7525730A003B
:1047C00025733A25643A64656275673A20426164EC
:1047D00020626C6F636B206174203078256C7825C3
:1047E000730A002866696C652D3E666C61677320EC
:1047F00026204C46535F4F5F57524F4E4C5929204D
:104800003D3D204C46535F4F5F57524F4E4C590031
:10481000636F6D6D69742E6F66662025206C6673FC
:104820002D3E6366672D3E70726F675F73697A65B0
:10483000203D3D20300025733A25643A7761726E41
:104840003A205375706572626C6F636B2030782507
:104850006C7820686173206265636F6D6520756E8A
:104860007772697461626C6525730A006469722DE0
:104870003E636F756E74203E203000706469720074
:1048800025733A25643A7761726E3A20556E6162FB
:104890006C6520746F2073706C6974207B30782590
:1048A0006C782C203078256C787D25730A00257370
:1048B0003A25643A64656275673A20457870616E9E
:1048C00064696E67207375706572626C6F636B20CC
:1048D00061742072657620256C7525730A00257336
:1048E0003A25643A7761726E3A20556E61626C6562
:1048F00020746F20657870616E64207375706572C6
:10490000626C6F636B25730A0025733A25643A6401
:10491000656275673A2052656C6F636174696E6792
:10492000207B3078256C782C203078256C787D20A1
:104930002D3E207B3078256C782C203078256C78C3
:104940007D25730A0025733A25643A6465627567AC
:104950003A20466978696E67206D6F7665207768C2
:10496000696C652072656C6F636174696E67207B2A
:104970003078256C782C203078256C787D20307844
:104980002568780A25730A002128686173706172AE
:10499000656E7420262620657272203D3D204C46AF
:1049A000535F4552525F4E4F454E54290025733A8E
:1049B00025643A64656275673A20466978696E676E
:1049C000206F727068616E207B3078256C782C20A7
:1049D0003078256C787D25730A0025733A25643A72
:1049E00064656275673A20466978696E6720686118
:1049F0006C662D6F727068616E207B3078256C78E4
:104A00002C203078256C787D202D3E207B30782539
:104A10006C782C203078256C787D25730A002573FE
:104A20003A25643A64656275673A20466978696E2A
:104A300067206D6F7665207768696C652066697898
:104A4000696E67206F727068616E73207B307825A5
:104A50006C782C203078256C787D2030782568782B
:104A60000A25730A0025733A25643A6465627567FE
:104A70003A20466978696E67206D6F7665207B30D5
:104A800078256C782C203078256C787D203078253E
:104A9000687825730A006C6974746C656673002508
:104AA000733A25643A6572726F723A20496E766184
:104AB0006C69642076657273696F6E2076256875FF
:104AC0002E25687525730A0025733A25643A6572A8
:104AD000726F723A20556E737570706F7274656480
:104AE000206E616D655F6D61782028256C75203EB4
:104AF00020256C752925730A0025733A25643A65CB
:104B000072726F723A20556E737570706F72746541
:104B1000642066696C655F6D61782028256C75205E
:104B20003E20256C752925730A0025733A25643AC1
:104B30006572726F723A20556E737570706F727411
:104B4000656420617474725F6D61782028256C75CE
:104B5000203E20256C752925730A0025733A2564AB
:104B60003A6572726F723A20496E76616C696420A0
:104B7000626C6F636B20636F756E742028256C7593
:104B800020213D20256C752925730A0025733A25BF
:104B9000643A6572726F723A20496E76616C69642C
:104BA00020626C6F636B2073697A652028256C75B1
:104BB00020213D20256C752925730A0025733A258F
:104BC000643A64656275673A20466F756E6420705A
:104BD000656E64696E6720677374617465203078F0
:104BE0002530386C782530386C782530386C78254D
:104BF000730A00216C66735F6D6C6973745F69730F
:104C00006F70656E286C66732D3E6D6C6973742CC5
:104C10002028737472756374206C66735F6D6C69A1
:104C200073742A2966696C6529002866696C652D8C
:104C30003E666C6167732026204C46535F4F5F527F
:104C4000444F4E4C5929203D3D204C46535F4F5F09
:104C500052444F4E4C590000FFFFFFFFFFFFFFFF84
:104C60006C66735F66696C655F636C6F7365006C1F
:104C700066735F66696C655F6F70656E636667001B
:104C80006C66735F6469725F636F6D7061637400FB
:104C90006C66735F62645F73796E63006C66735FEA
:104CA0006469725F7472617665727365006C6673B5
:104CB0005F6469725F72656C6F636174696E67636C
:104CC0006F6D6D6974006C66735F66735F7072659B
:104CD000706F727068616E73006C66735F62645FA0
:104CE000666C757368006C66735F62645F70726F88
:104CF00067006C66735F62645F6572617365006C08
:104D000066735F6469725F6F727068616E696E6707
:104D1000636F6D6D6974006C66735F62645F72656A
:104D20006164006C66735F696E6974006C66735FC2
:104D300066696C655F7261777772697465006C662D
:104D4000735F66696C655F7772697465006C667322
:104D50005F66696C655F72617772656164006C663D
:104D6000735F66696C655F72656164009ECADC246E
:104D70000EE5A9E093F3A3B50000406E000000002B
:104D80000338FDD87047000000000000000000005C
:104D9000E5CD03000609000095CE030006090000DA
:104DA000EDCC030007080000000000000000000038
:104DB00000000000000000000000000000000000F3
:104DC00000000000000000000000000000000000E3
:104DD00045CF03000708000091CC03000008000045
:104DE0002DCC0300080800000000000000000000B7
:104DF00000000000000000000000000000000000B3
:104E000000000000000000000000000000000000A2
:104E1000D1CF0300070800000000000000000000E0
:104E2000000000000000000055D00300060C000048
:104E300015D20300080C000081BF0300120000001F
:104E40000000000000000000000000000000000062
:104E50003DD30300000A0000DDCB0300000A000080
:104E60000000000000000000000000000000000042
:104E70000000000000000000000000000000000032
:104E8000DDD3030006000000000000000000000069
:104E90000000000000000000B9BD03000000000099
:104EA0000000000000000000000000000000000002
:104EB00000000000000000000000000000000000F2
:104EC0000000000000000000F5BB03000028000007
:104ED00059CB03000707000000000000000000009D
:104EE00000000000000000000000000000000000C2
:104EF00000000000000000000000000000000000B2
:104F0000000000000000000055D40300000A00006B
:104F1000D1D403000006000075BB030009000000A7
:104F20000000000000000000000000000000000081
:104F30000000000000000000E5CA0300000A0000B5
:104F400021C9030000000000000000000000000074
:104F5000A5C8030000060000D1C70300000600003A
:104F6000A5C803000006000089C603000000000079
:104F7000A5C80300000600000000000000000000BB
:104F80000000000000000000000000000000000021
:104F900051C40300000000008DC2030000000000A7
:104FA000B9B803000000000081C103000000000048
:104FB0002C2066756E6374696F6E3A20006173739E
:104FC000657274696F6E2022257322206661696C98
:104FD00065643A2066696C6520222573222C206C5A
:104FE000696E65202564257325730A00494E4600C5
:104FF000696E66004E414E006E616E003031323394
:105000003435363738394142434445460030313231
:105010003334353637383961626364656600496E0A
:1050200066696E697479004E614E005245454E5472
:10503000206D616C6C6F6320737563636565646577
:1050400064002F646174612F6A656E6B696E732FE3
:10505000776F726B73706163652F474E552D746F58
:105060006F6C636861696E2F61726D2D31312F73C2
:1050700072632F6E65776C69622D63796777696EED
:105080002F6E65776C69622F6C6962632F7374642D
:105090006C69622F64746F612E630042616C6C6F87
:1050A0006320737563636565646564002F64617470
:1050B000612F6A656E6B696E732F776F726B737099
:1050C0006163652F474E552D746F6F6C636861691E
:1050D0006E2F61726D2D31312F7372632F6E657774
:1050E0006C69622D63796777696E2F6E65776C697D
:1050F000622F6C6962632F7374646C69622F6D70C8
:105100007265632E630000000080E03779C341437D
:10511000176E05B5B5B89346F5F93FE9034F384D1D
:10512000321D30F94877825A3CBF737FDD4F1575C9
:10513000000000000000F03F0000000000002440DC
:1051400000000000000059400000000000408F40B7
:10515000000000000088C34000000000006AF84022
:105160000000000080842E4100000000D012634146
:105170000000000084D797410000000065CDCD41BC
:10518000000000205FA00242000000E8764837429D
:10519000000000A2941A6D42000040E59C30A2423B
:1051A0000000901EC4BCD64200003426F56B0C43B0
:1051B0000080E03779C3414300A0D8855734764357
:1051C00000C84E676DC1AB43003D9160E458E143B8
:1051D000408CB5781DAF154450EFE2D6E41A4B442D
:1051E00092D54D06CFF08044F64AE1C7022DB54472
:1051F000B49DD9794378EA44050000001900000005
:105200007D000000232D302B2000686C4C0065666B
:105210006745464700412D46612D663839303132A9
:1052200033343536375D002B2D0030300078580090
:10523000275204002A5204002D5204004300504F0C
:1052400053495800002020202020202020202828FA
:105250002828282020202020202020202020202036
:105260002020202020881010101010101010101076
:1052700010101010100404040404040404040410A6
:105280001010101010104141414141410101010134
:1052900001010101010101010101010101010101FE
:1052A000101010101010424242424242020202020A
:1052B00002020202020202020202020202020202CE
:1052C000101010102000000000000000000000007E
:1052D00000000000000000000000000000000000CE
:1052E00000000000000000000000000000000000BE
:1052F00000000000000000000000000000000000AE
:10530000000000000000000000000000000000009D
:10531000000000000000000000000000000000008D
:10532000000000000000000000000000000000007D
:10533000000000000000000000000000000000006D
:0C53400000000000000000000000000061
:10534C0045170300000000004B190300000000008B
:10535C00E7A50300D4330020E7A503006C3600203A
:10536C00E7A50300F83C0020E7A50300DC43002080
:10537C00E5950300000000007DA50300D433002058
:10538C0015450300403600207DA503006C36002037
:10539C0015450300D83800207DA50300F83C0020FB
:1053AC0015450300643F00207DA50300DC4300206D
:1053BC0015450300684600204D9A030000000000CC
:1053CC00719303002C3600203F9C030058360020BC
:1053DC00F99003000430002071930300C4380020BE
:1053EC003F9C0300F0380020F9900300643000204B
:1053FC0071930300503F00203F9C03007C3F002032
:10540C00F9900300CC30002005480300BC4200207A
:10541C0071930300344600203F9C0300804600201B
:10542C00F99003006C310020A94603000000000035
:10543C00B93E030000000000893F0300000000009B
:10544C002D180300000000005D190300000000008F
:08545C0030AEFE7F01000000EC
:105464000000030000000000000000000000000035
:1054740000000000000000002030002000000000B8
:10548400543600200100040004000304000000005E
:1054940002020000100000000F000000000040069F
:1054A4000200000017000000160000000000400683
:1054B40002000000000000000000000000000000E6
:1054C40000000000000000000000000000000000D8
:1054D40000000000000000008030002000000000F8
:1054E400EC380020010004000304051A0006FF0044
:1054F40000000040000000000B1B1CFF0006FF0022
:105504000000004000000000000000000000000057
:105514000000000000000000040100060053000029
:10552400FD560300DD5603001D5703000000000074
:105534000000000000000000000000000000000067
:10554400E830002000000000783F00200100040043
:10555400FFFFFFFFFF12FF0EFF1F0000000000000F
:10556400FFFF0EFFFF121FFF0000001519FFFFFFD2
:105574000000000000000000000000000000000027
:105584000000000000000000000000006A010000AC
:10559400FD560300DD5603001D5703003157030079
:1055A400000000000090D003000000000020004034
:1055B4000000000000200040000000000100020084
:1055C4000F1801001A180100FFFF0000000000007E
:1055D40000000000000000000000000000000000C7
:1055E40088310020000000007C46002001000400F7
:1055F4000000000000000000000000000514233239
:1056040041505F646400D8092C0A800AD40A280B2C
:105614007C0BD00B240C780CCC0C200D740DC80D15
:105624001C0E700EC40E180F6C0FC00F14106810EF
:105634000000000000010000000000000001000064
:10564400FFFFFF02F401000000000000030000005F
:10565400C8B1002000000000C8B1002030B2002012
:1056640098B20020000000000000000000000000CC
:105674000000000000000000000000000000000026
:105684000000000000000000000000000000000016
:105694000000000000000000000000000000000006
:1056A400F43100204300000000000000000000006E
:1056B40000000000000000000000000000000000E6
:1056C4000000000043000000000000000000000093
:1056D40000000000000000000000000000000000C6
:1056E4000000000043000000000000000000000073
:1056F40000000000000000000000000000000000A6
:105704000000000043000000000000000000000052
:105714000000000000000000000000000000000085
:105724000000000043000000000000000000000032
:105734000000000000000000000000000000000065
:105744000000000043000000000000000000000012
:105754000000000000000000000000000000000045
:1057640000000000430000000000000000000000F2
:105774000000000000000000000000000000000025
:1057840000000000114004009D3D040000000000E2
:1057940044520400AD4404008749040087490400CE
:1057A40087490400874904008749040087490400A5
:1057B400874904008749040087490400FFFFFFFF6D
:1057C400FFFFFFFFFFFFFFFFFFFF0000010041534A
:1057D40043494900000000000000000000000000F0
:1057E4000000000000000000000000000000415321
:1057F40043494900000000000000000000000000D0
:105804000000000000000000000000000000000094
:085814006902030041020300D8
:040000033000A6F52E
:00000001FF
